<?xml version="1.0" encoding="UTF-8"?>
<alto xmlns:xsi="http://www.w3.org/2001/XMLSchema-instance"
      xmlns="http://www.loc.gov/standards/alto/ns-v4#"
      xsi:schemaLocation="http://www.loc.gov/standards/alto/ns-v4# http://www.loc.gov/standards/alto/v4/alto-4-2.xsd">
  <Description>
    <MeasurementUnit>pixel</MeasurementUnit>
    <sourceImageInformation>
      <fileName>Meam Loez Devarim Kushtandina 1773_27.jpg</fileName>
      
    </sourceImageInformation>
  </Description>
  
  <Layout>
    <Page WIDTH="2680"
          HEIGHT="4400"
          PHYSICAL_IMG_NR="26"
          ID="eSc_dummypage_">
      <PrintSpace HPOS="0"
                  VPOS="0"
                  WIDTH="2680"
                  HEIGHT="4400">
        
        <TextBlock HPOS="73.0"
                   VPOS="161.0"
                   WIDTH="2445.0"
                   HEIGHT="3912.0"
                   ID="eSc_textblock_f838b14e"
                   >
          <Shape><Polygon POINTS="2345 3681 2503 3710 2489 4044 719 4015 513 4073 352 4000 334 3809 73 3780 73 3725 216 3725 264 3652 631 3648 554 3560 352 3531 337 3094 146 3076 73 3003 88 2948 352 2915 337 2258 161 2225 161 2185 352 2152 352 1584 190 1536 88 1331 102 1261 352 1213 334 1052 102 1037 117 982 352 949 352 865 234 832 279 748 352 744 352 322 334 245 73 231 73 161 2518 190 2503 3589 2342 3622 2345 3681"/></Shape>
          
          
          <TextLine ID="eSc_line_2396d304"
                    
                    BASELINE="358 182 2503 196" 
                    HPOS="352.0"
                    VPOS="161.0"
                    WIDTH="2148.0"
                    HEIGHT="92.0">
            <Shape><Polygon POINTS="2481 187 2445 187 2408 187 2371 187 2334 187 2298 187 2261 187 2224 187 2188 183 2151 183 2114 183 2077 183 2041 183 2004 183 1967 183 1931 183 1894 179 1857 179 1820 179 1784 179 1747 179 1710 179 1674 179 1637 179 1600 179 1563 176 1527 176 1490 176 1453 176 1417 176 1380 176 1343 176 1306 176 1270 172 1233 172 1196 172 1160 172 1123 172 1086 172 1049 172 1013 172 976 168 939 168 903 168 866 168 829 168 792 168 756 168 719 168 682 168 646 165 609 165 572 165 536 165 499 165 462 165 425 165 389 165 356 161 356 179 352 231 2489 253 2500 194 2496 187 2481 187"/></Shape>
	    <String CONTENT="*אי אקיאה אורה מי סי אפלוש&#39;ארון מיס מאנום אי נו שאב&#39;יאה קי אזיר קי דיספואיס קי פיני קוארינטה"
                    HPOS="352.0"
                    VPOS="161.0"
                    WIDTH="2148.0"
                    HEIGHT="92.0"></String>
          </TextLine>

          
          
          <TextLine ID="eSc_line_2e080f6a"
                    
                    BASELINE="359 247 2496 269" 
                    HPOS="352.0"
                    VPOS="212.0"
                    WIDTH="2140.0"
                    HEIGHT="114.0">
            <Shape><Polygon POINTS="356 245 352 297 2481 326 2492 267 2489 238 356 212 356 245"/></Shape>
	    <String CONTENT="אנייוס קון ב&#39;וזוטרוס אסטה קי ב&#39;וס טרוש&#39;י אסטה אישטי לוגאר קי ייא איב&#39;אש&#39; אה אינטראר אה ארץ ישראל"
                    HPOS="352.0"
                    VPOS="212.0"
                    WIDTH="2140.0"
                    HEIGHT="114.0"></String>
          </TextLine>

          
          
          <TextLine ID="eSc_line_20ca3c02"
                    
                    BASELINE="356 317 2496 335" 
                    HPOS="348.0"
                    VPOS="286.0"
                    WIDTH="2144.0"
                    HEIGHT="95.0">
            <Shape><Polygon POINTS="352 315 348 363 2481 381 2492 333 2489 304 352 286 352 315"/></Shape>
	    <String CONTENT="אזישטיש&#39; אישטי מאל גראנדי. אי איסטו איס משל אה אונה איג&#39;ה די און ריי קי ייא וינו לה אורה די איל"
                    HPOS="348.0"
                    VPOS="286.0"
                    WIDTH="2144.0"
                    HEIGHT="95.0"></String>
          </TextLine>

          
          
          <TextLine ID="eSc_line_cdef4a1a"
                    
                    BASELINE="356 383 2492 405" 
                    HPOS="348.0"
                    VPOS="352.0"
                    WIDTH="2141.0"
                    HEIGHT="110.0">
            <Shape><Polygon POINTS="352 381 348 425 2478 462 2489 403 2485 359 367 352 352 381"/></Shape>
	    <String CONTENT="קאזאר אי לה אפייטארון פארה ייב&#39;ארלה אונדי איל נוב&#39;ייו פ&#39;ואי אילייא אי איזו זנות קי שיירטו אקיאה"
                    HPOS="348.0"
                    VPOS="352.0"
                    WIDTH="2141.0"
                    HEIGHT="110.0"></String>
          </TextLine>

          
          
          <TextLine ID="eSc_line_5bb8ac85"
                    
                    BASELINE="359 445 2496 471" 
                    HPOS="352.0"
                    VPOS="414.0"
                    WIDTH="2140.0"
                    HEIGHT="110.0">
            <Shape><Polygon POINTS="356 443 352 491 2481 524 2492 469 2489 440 356 414 356 443"/></Shape>
	    <String CONTENT="אורה סי לי טומארון לאס מאנוס די איל פאדרי אי נו סאב&#39;י קי אזיר. לו מיזמו פ&#39;ואי איסטו קי קואנדו ייא"
                    HPOS="352.0"
                    VPOS="414.0"
                    WIDTH="2140.0"
                    HEIGHT="110.0"></String>
          </TextLine>

          
          
          <TextLine ID="eSc_line_4f3cb81c"
                    
                    BASELINE="359 518 2496 540" 
                    HPOS="352.0"
                    VPOS="484.0"
                    WIDTH="2140.0"
                    HEIGHT="106.0">
            <Shape><Polygon POINTS="356 517 352 572 2481 590 2492 539 2489 495 356 484 356 517"/></Shape>
	    <String CONTENT="איב&#39;אש אה אינטראר אה ארץ ישראל שירב&#39;יסטיש&#39; עבודה זרה אי מי סי אפלושארון מיס מאנוס אי נו"
                    HPOS="352.0"
                    VPOS="484.0"
                    WIDTH="2140.0"
                    HEIGHT="106.0"></String>
          </TextLine>

          
          
          <TextLine ID="eSc_line_a3a5e892"
                    
                    BASELINE="359 584 2492 610" 
                    HPOS="352.0"
                    VPOS="550.0"
                    WIDTH="2137.0"
                    HEIGHT="113.0">
            <Shape><Polygon POINTS="356 583 352 627 2478 663 2489 608 2485 575 356 550 356 583"/></Shape>
	    <String CONTENT="סאב&#39;יאה קי אזיר אשטה קי סי אליב&#39;אנטו פנחס אי איזו תפלה פור ב&#39;וזוטרוש פורקי וידו אה איל דאנייאדור"
                    HPOS="352.0"
                    VPOS="550.0"
                    WIDTH="2137.0"
                    HEIGHT="113.0"></String>
          </TextLine>

          
          
          <TextLine ID="eSc_line_3313af09"
                    
                    BASELINE="359 654 2489 680" 
                    HPOS="352.0"
                    VPOS="616.0"
                    WIDTH="2133.0"
                    HEIGHT="124.0">
            <Shape><Polygon POINTS="356 652 352 715 1556 726 1563 722 1600 722 1637 722 1674 722 1710 722 1747 722 1784 722 1820 722 1857 726 1894 726 1931 726 1967 726 2004 726 2041 726 2077 726 2114 726 2114 733 2474 740 2485 678 2481 641 356 616 356 652"/></Shape>
	    <String CONTENT="קי אינפיסו אה דאנייאר אה איל פואיב&#39;לו אי דיטוב&#39;ו לה מורטאלדאד קון סו תפלה סיגון דיזי איל פסוק ויעמוד"
                    HPOS="352.0"
                    VPOS="616.0"
                    WIDTH="2133.0"
                    HEIGHT="124.0"></String>
          </TextLine>

          
          
          <TextLine ID="eSc_line_e6c4bd62"
                    
                    BASELINE="1560 727 2121 735" 
                    HPOS="1552.0"
                    VPOS="696.0"
                    WIDTH="566.0"
                    HEIGHT="88.0">
            <Shape><Polygon POINTS="1556 726 1552 777 2107 784 2118 733 2114 704 1556 696 1556 726"/></Shape>
	    <String CONTENT="פנחס ויפלל ותעצר המגפה:"
                    HPOS="1552.0"
                    VPOS="696.0"
                    WIDTH="566.0"
                    HEIGHT="88.0"></String>
          </TextLine>

          
          
          <TextLine ID="eSc_line_102f7377"
                    
                    BASELINE="359 794 664 786 2510 817" 
                    HPOS="352"
                    VPOS="748"
                    WIDTH="2155"
                    HEIGHT="146">
            <Shape><Polygon POINTS="356 792 352 854 385 850 389 843 425 843 425 843 447 839 466 843 499 843 536 843 572 843 609 843 646 843 682 843 719 843 756 843 792 843 829 847 866 847 903 847 939 847 976 847 1013 847 1049 847 1086 847 1123 847 1160 847 1196 847 1233 847 1233 847 1244 847 1248 847 1270 850 1306 850 1343 850 1380 850 1417 850 1453 850 1490 850 1527 850 1563 850 1600 850 1637 850 1674 850 1710 854 1747 854 1784 854 1787 854 1945 850 2103 854 2114 854 2118 865 2155 891 2158 891 2162 891 2496 894 2507 814 2507 777 356 748 356 792"/></Shape>
	    <String CONTENT="מול סוף *ליס קיג&#39;ו דיזיר ברמז אקודראב&#39;וס לו קי איזיסטיש&#39;אראבייאר אל שי&quot;ת קואנדו שאלישטיש&#39;"
                    HPOS="352"
                    VPOS="748"
                    WIDTH="2155"
                    HEIGHT="146"></String>
          </TextLine>

          
          
          <TextLine ID="eSc_line_d875c3a8"
                    
                    BASELINE="363 848 2132 863" 
                    HPOS="356.0"
                    VPOS="821.0"
                    WIDTH="1773.0"
                    HEIGHT="95.0">
            <Shape><Polygon POINTS="359 847 356 902 2118 916 2129 861 2125 832 359 821 359 847"/></Shape>
	    <String CONTENT="די מצרים איסטאנדו סירקה די לה מאר קי שיינדו קי ויסטיש קי ויניאה פרעה אי סו"
                    HPOS="356.0"
                    VPOS="821.0"
                    WIDTH="1773.0"
                    HEIGHT="95.0"></String>
          </TextLine>

          
          
          <TextLine ID="eSc_line_f902673f"
                    
                    BASELINE="363 918 2503 944" 
                    HPOS="356.0"
                    VPOS="887.0"
                    WIDTH="2144.0"
                    HEIGHT="106.0">
            <Shape><Polygon POINTS="359 916 356 971 2489 993 2500 942 2496 898 359 887 359 916"/></Shape>
	    <String CONTENT="פ&#39;ונסאדו אי איסטאב&#39;ה דיטראס די ב&#39;וזוטרוס אינפיסאסטיש&#39; אה פיליאר קון מי דיזיינדו המבלי אין קברים"
                    HPOS="356.0"
                    VPOS="887.0"
                    WIDTH="2144.0"
                    HEIGHT="106.0"></String>
          </TextLine>

          
          
          <TextLine ID="eSc_line_35f562b8"
                    
                    BASELINE="359 993 2503 1013" 
                    HPOS="352.0"
                    VPOS="957.0"
                    WIDTH="2148.0"
                    HEIGHT="113.0">
            <Shape><Polygon POINTS="356 990 352 1045 2489 1070 2500 1012 2496 968 356 957 356 990"/></Shape>
	    <String CONTENT="במצרים *קיריינדו דיזיר קי לי דיש&#39;ירון אה משה לאס קואטרו פארטיס די מוזוטרוס מוריירון אין מצרים אין"
                    HPOS="352.0"
                    VPOS="957.0"
                    WIDTH="2148.0"
                    HEIGHT="113.0"></String>
          </TextLine>

          
          
          <TextLine ID="eSc_line_4822c90f"
                    
                    BASELINE="363 1054 2503 1087" 
                    HPOS="356.0"
                    VPOS="1019.0"
                    WIDTH="2144.0"
                    HEIGHT="117.0">
            <Shape><Polygon POINTS="359 1052 356 1100 2489 1136 2500 1085 2496 1048 359 1019 359 1052"/></Shape>
	    <String CONTENT="לוס טריס דיאס די לה איסקורידאד אי לה אונה פארטי איסקאפימוס סיגון סי אב&#39;יזו אין לה פרשה די בשלח:"
                    HPOS="356.0"
                    VPOS="1019.0"
                    WIDTH="2144.0"
                    HEIGHT="117.0"></String>
          </TextLine>

          
          
          <TextLine ID="eSc_line_8f7e98e3"
                    
                    BASELINE="363 1123 2503 1149" 
                    HPOS="356.0"
                    VPOS="1092.0"
                    WIDTH="2144.0"
                    HEIGHT="110.0">
            <Shape><Polygon POINTS="359 1122 356 1180 2489 1202 2500 1147 2496 1114 359 1092 359 1122"/></Shape>
	    <String CONTENT="מא יייא טוב&#39;יירון זכות קי לוס אינדיג&#39;ארון אי לוש אינטירארון. פירו מוזוטרוס מורימוס אקי אי נו איי קין"
                    HPOS="356.0"
                    VPOS="1092.0"
                    WIDTH="2144.0"
                    HEIGHT="110.0"></String>
          </TextLine>

          
          
          <TextLine ID="eSc_line_c5e76815"
                    
                    BASELINE="359 1193 2503 1219" 
                    HPOS="352.0"
                    VPOS="1155.0"
                    WIDTH="2148.0"
                    HEIGHT="117.0">
            <Shape><Polygon POINTS="356 1191 352 1239 2489 1272 2500 1217 2496 1180 356 1155 356 1191"/></Shape>
	    <String CONTENT="מוס אינטירי סי נו מואיסטרוס פואירפוס טיינין די איסטאר איג&#39;אדוס אקי אי קי מוס קומאן לאס אלימאנייאס"
                    HPOS="352.0"
                    VPOS="1155.0"
                    WIDTH="2148.0"
                    HEIGHT="117.0"></String>
          </TextLine>

          
          
          <TextLine ID="eSc_line_8e2c4aab"
                    
                    BASELINE="359 1260 367 1259 756 1259 2503 1281" 
                    HPOS="352.0"
                    VPOS="1224.0"
                    WIDTH="2148.0"
                    HEIGHT="118.0">
            <Shape><Polygon POINTS="356 1257 352 1305 2489 1342 2500 1279 2496 1243 356 1224 356 1257"/></Shape>
	    <String CONTENT="די איל קאנפו אי לאש אב&#39;יס די איל סיילו. אי נו קיריאש אינטראר אין לה מאר אוטרו קי בולטאר"
                    HPOS="352.0"
                    VPOS="1224.0"
                    WIDTH="2148.0"
                    HEIGHT="118.0"></String>
          </TextLine>

          
          
          <TextLine ID="eSc_line_64155a4a"
                    
                    BASELINE="359 1339 844 1325 2500 1351" 
                    HPOS="352.0"
                    VPOS="1294.0"
                    WIDTH="2144.0"
                    HEIGHT="114.0">
            <Shape><Polygon POINTS="356 1338 352 1378 1149 1389 1160 1389 1196 1389 1204 1389 1417 1393 1453 1393 1457 1393 1681 1397 1710 1397 1714 1397 1949 1400 1967 1400 1967 1400 2217 1404 2224 1404 2224 1404 2485 1408 2496 1349 2492 1316 356 1294 356 1338"/></Shape>
	    <String CONTENT="אטראס אוטרה ויז אה מצרים אי ליס איב&#39;אש אזיינדו די סינייאס אה לוס מצריים די איל מיידו קי טיניאש"
                    HPOS="352.0"
                    VPOS="1294.0"
                    WIDTH="2144.0"
                    HEIGHT="114.0"></String>
          </TextLine>

          
          
          <TextLine ID="eSc_line_42500082"
                    
                    BASELINE="359 1399 440 1395 947 1395 2492 1417" 
                    HPOS="352.0"
                    VPOS="1356.0"
                    WIDTH="2137.0"
                    HEIGHT="118.0">
            <Shape><Polygon POINTS="356 1397 352 1444 2478 1474 2489 1415 2485 1382 356 1356 356 1397"/></Shape>
	    <String CONTENT="אי ליס דיזיאש מוזוטרוס סומוס גואיסטרוס אי ייא מוס ב&#39;אמוס קון ב&#39;וזוטרוס אי מיראנדו טאנטוס נסים קי"
                    HPOS="352.0"
                    VPOS="1356.0"
                    WIDTH="2137.0"
                    HEIGHT="118.0"></String>
          </TextLine>

          
          
          <TextLine ID="eSc_line_897b5872"
                    
                    BASELINE="360 1471 389 1464 859 1461 2503 1490" 
                    HPOS="359.0"
                    VPOS="1422.0"
                    WIDTH="2141.0"
                    HEIGHT="121.0">
            <Shape><Polygon POINTS="359 1470 359 1510 2489 1543 2500 1488 2500 1444 359 1422 359 1470"/></Shape>
	    <String CONTENT="ב&#39;וס איזו איל שי&quot;ת נו טיניאש לה פיגוזייא אין איל אשטה קי ב&#39;וס גריטו איל שי&quot;ת אי ב&#39;וס דיש&#39;ו קי"
                    HPOS="359.0"
                    VPOS="1422.0"
                    WIDTH="2141.0"
                    HEIGHT="121.0"></String>
          </TextLine>

          
          
          <TextLine ID="eSc_line_99d795c9"
                    
                    BASELINE="363 1527 2507 1560" 
                    HPOS="356.0"
                    VPOS="1488.0"
                    WIDTH="2147.0"
                    HEIGHT="125.0">
            <Shape><Polygon POINTS="359 1525 356 1576 2492 1613 2503 1558 2503 1521 359 1488 359 1525"/></Shape>
	    <String CONTENT="אינטינדיש קי ייו נו איי אין מי פ&#39;ואירסה פארה ריגמירב&#39;וס אי ב&#39;וס איזו קאייאר איל שי&quot;ת קי נו ליס"
                    HPOS="356.0"
                    VPOS="1488.0"
                    WIDTH="2147.0"
                    HEIGHT="125.0"></String>
          </TextLine>

          
          
          <TextLine ID="eSc_line_1a2f753d"
                    
                    BASELINE="363 1589 2503 1626" 
                    HPOS="356.0"
                    VPOS="1554.0"
                    WIDTH="2144.0"
                    HEIGHT="129.0">
            <Shape><Polygon POINTS="359 1587 356 1635 2489 1683 2500 1624 2496 1591 359 1554 359 1587"/></Shape>
	    <String CONTENT="אב&#39;לאראש מאס אי פור אב&#39;יזו די אישטו דיזי איל פסוק לסוסתי ברכבי פרעה דימיתיך רעיתי. קירי דיזיר"
                    HPOS="356.0"
                    VPOS="1554.0"
                    WIDTH="2144.0"
                    HEIGHT="129.0"></String>
          </TextLine>

          
          
          <TextLine ID="eSc_line_c5da46ad"
                    
                    BASELINE="359 1662 2503 1695" 
                    HPOS="352.0"
                    VPOS="1613.0"
                    WIDTH="2148.0"
                    HEIGHT="136.0">
            <Shape><Polygon POINTS="356 1661 352 1716 2489 1749 2500 1694 2496 1657 356 1613 356 1661"/></Shape>
	    <String CONTENT="אין לו קי איב&#39;ה פירשיגיינדו פרעה קון סוס קאב&#39;אלייוס אי סוס קואטריגואס דיטראש די ב&#39;וזוטרוש אי ליס"
                    HPOS="352.0"
                    VPOS="1613.0"
                    WIDTH="2148.0"
                    HEIGHT="136.0"></String>
          </TextLine>

          
          
          <TextLine ID="eSc_line_24cd2535"
                    
                    BASELINE="356 1728 2503 1761" 
                    HPOS="348.0"
                    VPOS="1697.0"
                    WIDTH="2152.0"
                    HEIGHT="121.0">
            <Shape><Polygon POINTS="352 1727 348 1785 818 1793 826 1793 826 1793 1295 1800 1303 1800 1303 1800 1773 1807 1780 1807 1780 1807 2250 1815 2257 1815 2257 1815 2489 1818 2500 1760 2496 1727 367 1697 352 1727"/></Shape>
	    <String CONTENT="אזיאש&#39; דיסינייאס קומו ייא ב&#39;וס איב&#39;אש&#39; קון אילייוש ב&#39;וש איזו קאייאר איל שי&quot;ת אי ב&#39;וס דיש&#39;ו ב&#39;וזוטרוס"
                    HPOS="348.0"
                    VPOS="1697.0"
                    WIDTH="2152.0"
                    HEIGHT="121.0"></String>
          </TextLine>

          
          
          <TextLine ID="eSc_line_4f777040"
                    
                    BASELINE="359 1794 2507 1827" 
                    HPOS="352.0"
                    VPOS="1760.0"
                    WIDTH="2151.0"
                    HEIGHT="124.0">
            <Shape><Polygon POINTS="356 1793 352 1840 2492 1884 2503 1826 2500 1793 356 1760 356 1793"/></Shape>
	    <String CONTENT="אישטאב&#39;וס קאייאדוס אי ייו פיליאו פור ב&#39;וזטרוס סיגון דיזי איל פסוק ה&#39; ילחם לכם ואתם תחרישון. אי לו"
                    HPOS="352.0"
                    VPOS="1760.0"
                    WIDTH="2151.0"
                    HEIGHT="124.0"></String>
          </TextLine>

          
          
          <TextLine ID="eSc_line_40252d4f"
                    
                    BASELINE="367 1864 2503 1897" 
                    HPOS="359.0"
                    VPOS="1826.0"
                    WIDTH="2141.0"
                    HEIGHT="121.0">
            <Shape><Polygon POINTS="363 1862 359 1921 2489 1947 2500 1895 2496 1862 363 1826 363 1862"/></Shape>
	    <String CONTENT="אסימיג&#39;ארון מואיסטרוס חכמים איסטו משל אה אונה איג&#39;ה די און ריי קי סי קאטיב&#39;ו אי שו פאדרי לה"
                    HPOS="359.0"
                    VPOS="1826.0"
                    WIDTH="2141.0"
                    HEIGHT="121.0"></String>
          </TextLine>

          
          
          <TextLine ID="eSc_line_015d372d"
                    
                    BASELINE="363 1934 2503 1967" 
                    HPOS="356.0"
                    VPOS="1895.0"
                    WIDTH="2144.0"
                    HEIGHT="125.0">
            <Shape><Polygon POINTS="359 1932 356 1987 2489 2020 2500 1965 2496 1921 359 1895 359 1932"/></Shape>
	    <String CONTENT="איסטאב&#39;ה ריגמיינדו אי אילייא די איל מיידו קי טיניאה ליס אזיאה דיסינייאס אה לוס קי לה קאטיב&#39;ארון"
                    HPOS="356.0"
                    VPOS="1895.0"
                    WIDTH="2144.0"
                    HEIGHT="125.0"></String>
          </TextLine>

          
          
          <TextLine ID="eSc_line_454ca41a"
                    
                    BASELINE="363 2000 2503 2036" 
                    HPOS="356.0"
                    VPOS="1961.0"
                    WIDTH="2144.0"
                    HEIGHT="129.0">
            <Shape><Polygon POINTS="359 1998 356 2042 2489 2090 2500 2035 2496 1998 359 1961 359 1998"/></Shape>
	    <String CONTENT="דיזיינדוליס ייו סו די ב&#39;וזוטרוס אי ייא מי ב&#39;ו קון ב&#39;וזוטרוס לה וידו איל פאדרי לה גריטו אי לי דיש&#39;ו קי טי סי"
                    HPOS="356.0"
                    VPOS="1961.0"
                    WIDTH="2144.0"
                    HEIGHT="129.0"></String>
          </TextLine>

          
          
          <TextLine ID="eSc_line_ee8727ec"
                    
                    BASELINE="359 2066 2507 2102" 
                    HPOS="352.0"
                    VPOS="2027.0"
                    WIDTH="2151.0"
                    HEIGHT="125.0">
            <Shape><Polygon POINTS="356 2064 352 2112 2492 2152 2503 2101 2503 2064 356 2027 356 2064"/></Shape>
	    <String CONTENT="אינטיינדי קי ייו נו איי אין מי פ&#39;ואירסה פארה ריגמירטי טו איסטאטי קאייאדה אי ייו ייא טי ריגמו. לו"
                    HPOS="352.0"
                    VPOS="2027.0"
                    WIDTH="2151.0"
                    HEIGHT="125.0"></String>
          </TextLine>

          
          
          <TextLine ID="eSc_line_8e29afcd"
                    
                    BASELINE="359 2128 2503 2172" 
                    HPOS="352.0"
                    VPOS="2093.0"
                    WIDTH="2148.0"
                    HEIGHT="132.0">
            <Shape><Polygon POINTS="356 2126 352 2174 2489 2225 2500 2170 2496 2137 356 2093 356 2126"/></Shape>
	    <String CONTENT="מיזמו פ&#39;ואי איסטו קי לוש גריטו איל שי&quot;ת אקיאה אורה אי ליס דיש&#39;ו ב&#39;וזוטרוש איסטאב&#39;וס קאלייאדוס אי ייו"
                    HPOS="352.0"
                    VPOS="2093.0"
                    WIDTH="2148.0"
                    HEIGHT="132.0"></String>
          </TextLine>

          
          
          <TextLine ID="eSc_line_71a569e1"
                    
                    BASELINE="360 2191 2503 2238" 
                    HPOS="356.0"
                    VPOS="2163.0"
                    WIDTH="2144.0"
                    HEIGHT="125.0">
            <Shape><Polygon POINTS="359 2189 356 2240 2489 2288 2500 2236 2500 2200 359 2163 359 2189"/></Shape>
	    <String CONTENT="ייא פיליאו פור ב&#39;וזוטרוס. *אי אין אקיאה אורה שאלטו איל שבט די יאודה אי סאנטיפ&#39;יקו איל נומברי די"
                    HPOS="356.0"
                    VPOS="2163.0"
                    WIDTH="2144.0"
                    HEIGHT="125.0"></String>
          </TextLine>

          
          
          <TextLine ID="eSc_line_e782363e"
                    
                    BASELINE="356 2267 2503 2304" 
                    HPOS="348.0"
                    VPOS="2225.0"
                    WIDTH="2152.0"
                    HEIGHT="136.0">
            <Shape><Polygon POINTS="352 2266 348 2321 2489 2361 2500 2302 2500 2266 352 2225 352 2266"/></Shape>
	    <String CONTENT="איל שי&quot;ת אי אבאש&#39;ו אינפרימירו אה לה מאר אי טאמביין אישטאנדו אדיינטרו די לה מאר ייב&#39;אב&#39;אש איל"
                    HPOS="348.0"
                    VPOS="2225.0"
                    WIDTH="2152.0"
                    HEIGHT="136.0"></String>
          </TextLine>

          
          
          <TextLine ID="eSc_line_5725b0f4"
                    
                    BASELINE="359 2333 2503 2374" 
                    HPOS="352.0"
                    VPOS="2302.0"
                    WIDTH="2148.0"
                    HEIGHT="132.0">
            <Shape><Polygon POINTS="356 2332 352 2394 2489 2434 2500 2372 2496 2339 356 2302 356 2332"/></Shape>
	    <String CONTENT="דולאדיזו די מיכה קון ב&#39;וזוטרוס אי טאמביין איב&#39;אש דיזיינדו אל מודו קי סאלימוס מוזוטרוס די לה מאר"
                    HPOS="352.0"
                    VPOS="2302.0"
                    WIDTH="2148.0"
                    HEIGHT="132.0"></String>
          </TextLine>

          
          
          <TextLine ID="eSc_line_400bda15"
                    
                    BASELINE="356 2407 2500 2447" 
                    HPOS="348.0"
                    VPOS="2372.0"
                    WIDTH="2148.0"
                    HEIGHT="128.0">
            <Shape><Polygon POINTS="352 2405 348 2460 2485 2500 2496 2445 2492 2409 352 2372 352 2405"/></Shape>
	    <String CONTENT="אנסי טאמביין סאלין לוס מצריים פור אוטרה פארטי אי לי דיש&#39;ו איל שי&quot;ת אה איל שר די לה מאר קי לוס"
                    HPOS="348.0"
                    VPOS="2372.0"
                    WIDTH="2148.0"
                    HEIGHT="128.0"></String>
          </TextLine>

          
          
          <TextLine ID="eSc_line_c4454f8d"
                    
                    BASELINE="356 2473 2500 2509" 
                    HPOS="348.0"
                    VPOS="2442.0"
                    WIDTH="2148.0"
                    HEIGHT="124.0">
            <Shape><Polygon POINTS="352 2471 348 2526 385 2526 422 2526 458 2526 495 2526 532 2530 569 2530 605 2530 642 2530 679 2533 715 2533 752 2533 789 2533 826 2533 862 2537 899 2537 936 2537 972 2537 1009 2541 1046 2541 1083 2541 1119 2541 1156 2541 1189 2541 1200 2544 1229 2544 1266 2544 1303 2544 1321 2544 1413 2548 1450 2548 1486 2548 1501 2548 1626 2552 1633 2552 1633 2552 2485 2566 2496 2508 2492 2478 352 2442 352 2471"/></Shape>
	    <String CONTENT="דיזברוג&#39;ארה אה לו סיקו פארה קי לוס וייראן סיגון דיזי איל פסוק וירא ישראל את מצרים מת על שפת"
                    HPOS="348.0"
                    VPOS="2442.0"
                    WIDTH="2148.0"
                    HEIGHT="124.0"></String>
          </TextLine>

          
          
          <TextLine ID="eSc_line_8404de72"
                    
                    BASELINE="356 2531 2489 2579" 
                    HPOS="348"
                    VPOS="2500"
                    WIDTH="2137"
                    HEIGHT="129">
            <Shape><Polygon POINTS="352 2530 348 2577 2188 2625 2221 2625 2228 2625 2331 2629 2367 2629 2404 2629 2441 2629 2474 2629 2485 2577 2481 2541 352 2500 352 2530"/></Shape>
	    <String CONTENT="הים. קירי דיזיר קי נו סי קריירון אסטה קי לוס ויירון מואירטוס אין לה אוריאה די לה מאר"
                    HPOS="348"
                    VPOS="2500"
                    WIDTH="2137"
                    HEIGHT="129"></String>
          </TextLine>

          
          
          <TextLine ID="eSc_line_8a4a3d6c"
                    
                    BASELINE="367 2605 2496 2638" 
                    HPOS="359.0"
                    VPOS="2574.0"
                    WIDTH="2133.0"
                    HEIGHT="121.0">
            <Shape><Polygon POINTS="363 2603 359 2651 2481 2695 2492 2636 2489 2607 363 2574 363 2603"/></Shape>
	    <String CONTENT="אי טאמביין קי איב&#39;אש דיזיינדו אונו אל אוטרו אין מצרים איסטאב&#39;אמוס איניל בארו אי איניל לודו איל דיאה"
                    HPOS="359.0"
                    VPOS="2574.0"
                    WIDTH="2133.0"
                    HEIGHT="121.0"></String>
          </TextLine>

          
          
          <TextLine ID="eSc_line_bdad12ab"
                    
                    BASELINE="359 2663 2500 2707" 
                    HPOS="352.0"
                    VPOS="2632.0"
                    WIDTH="2144.0"
                    HEIGHT="129.0">
            <Shape><Polygon POINTS="356 2662 352 2724 2485 2761 2496 2706 2492 2665 356 2632 356 2662"/></Shape>
	    <String CONTENT="אי לה נוג&#39;י אי אגורה אין לה מאר איניל בארו אי איניל לודו איסטאמוס אה אגואש די לה מאר פודו פור"
                    HPOS="352.0"
                    VPOS="2632.0"
                    WIDTH="2144.0"
                    HEIGHT="129.0"></String>
          </TextLine>

          
          
          <TextLine ID="eSc_line_3147ac4c"
                    
                    BASELINE="356 2737 2500 2781" 
                    HPOS="348.0"
                    VPOS="2702.0"
                    WIDTH="2148.0"
                    HEIGHT="128.0">
            <Shape><Polygon POINTS="352 2735 348 2783 2485 2830 2496 2779 2496 2739 352 2702 352 2735"/></Shape>
	    <String CONTENT="אינש&#39;וגאר איל שי&quot;ת אי אה איל בארו נו פודו פור אינשוגאר. אי פור אב&#39;יזו די איסטו דיזי איל פסוק וימרו"
                    HPOS="348.0"
                    VPOS="2702.0"
                    WIDTH="2148.0"
                    HEIGHT="128.0"></String>
          </TextLine>

          
          
          <TextLine ID="eSc_line_dd7a372b"
                    
                    BASELINE="356 2803 2496 2847" 
                    HPOS="348.0"
                    VPOS="2768.0"
                    WIDTH="2144.0"
                    HEIGHT="136.0">
            <Shape><Polygon POINTS="352 2801 348 2856 2481 2904 2492 2845 2489 2812 352 2768 352 2801"/></Shape>
	    <String CONTENT="על ים בים סוף. קירי דיזיר קי ריב&#39;ילייארון אין לה מאר דוס ריב&#39;ילייוס אונו קואנדו איב&#39;אן אה אינטראר אין"
                    HPOS="348.0"
                    VPOS="2768.0"
                    WIDTH="2144.0"
                    HEIGHT="136.0"></String>
          </TextLine>

          
          
          <TextLine ID="eSc_line_eff9c874"
                    
                    BASELINE="363 2865 2492 2916" 
                    HPOS="356.0"
                    VPOS="2834.0"
                    WIDTH="2133.0"
                    HEIGHT="143.0">
            <Shape><Polygon POINTS="359 2863 356 2915 2478 2977 2489 2915 2489 2882 359 2834 359 2863"/></Shape>
	    <String CONTENT="לה מאר קי נו קיריאן אינטראר . אי אוטרו איסטאנדו אין לה מאר אדיינטרו קי ייב&#39;אב&#39;אן איל דולאדיזו די"
                    HPOS="356.0"
                    VPOS="2834.0"
                    WIDTH="2133.0"
                    HEIGHT="143.0"></String>
          </TextLine>

          
          
          <TextLine ID="eSc_line_f879998b"
                    
                    BASELINE="362 2944 385 2938 708 2938 2492 2986" 
                    HPOS="356.0"
                    VPOS="2896.0"
                    WIDTH="2133.0"
                    HEIGHT="143.0">
            <Shape><Polygon POINTS="359 2940 356 2992 2478 3039 2489 2984 2489 2951 359 2896 359 2940"/></Shape>
	    <String CONTENT="מיכה קון אילייוס אי טאמביין אב&#39;לארון טודו איסטו קי קונטימוס. *אי אין אקיאה אורה סי אראב&#39;ייו איל"
                    HPOS="356.0"
                    VPOS="2896.0"
                    WIDTH="2133.0"
                    HEIGHT="143.0"></String>
          </TextLine>

          
          
          <TextLine ID="eSc_line_47227566"
                    
                    BASELINE="370 3004 2492 3052" 
                    HPOS="363.0"
                    VPOS="2970.0"
                    WIDTH="2126.0"
                    HEIGHT="139.0">
            <Shape><Polygon POINTS="367 3003 363 3058 1718 3091 1721 3091 1721 3091 2478 3109 2489 3050 2489 3017 367 2970 367 3003"/></Shape>
	    <String CONTENT="שי&quot;ת מונג&#39;ו סוב&#39;רי ב&#39;וזוטרוס אי קיג&#39;ו אונדירב&#39;וס אין לה מאר סיגון פ&#39;ואירון אונדידוס פרעה אי סו פ&#39;ונסאדו"
                    HPOS="363.0"
                    VPOS="2970.0"
                    WIDTH="2126.0"
                    HEIGHT="139.0"></String>
          </TextLine>

          
          
          <TextLine ID="eSc_line_0fd21807"
                    
                    BASELINE="363 3067 2489 3118" 
                    HPOS="356.0"
                    VPOS="3028.0"
                    WIDTH="2129.0"
                    HEIGHT="147.0">
            <Shape><Polygon POINTS="359 3065 356 3124 2474 3175 2485 3116 2485 3087 359 3028 359 3065"/></Shape>
	    <String CONTENT="שוש קואטריגואש אי שוש קאב&#39;אליירוש אדיינטרו די לה מאר. אי אישפאנדי מיש מאנוש קון תפלה דילאנטרי"
                    HPOS="356.0"
                    VPOS="3028.0"
                    WIDTH="2129.0"
                    HEIGHT="147.0"></String>
          </TextLine>

          
          
          <TextLine ID="eSc_line_ea3b7f1c"
                    
                    BASELINE="359 3140 2489 3184" 
                    HPOS="352.0"
                    VPOS="3098.0"
                    WIDTH="2133.0"
                    HEIGHT="143.0">
            <Shape><Polygon POINTS="356 3138 352 3190 2474 3241 2485 3182 2485 3149 356 3098 356 3138"/></Shape>
	    <String CONTENT="דיל שי&quot;ת אי לי איזי פאסאר לה ראב&#39;ייא דיל שי&quot;ת קי טיניאה קון ב&#39;וזוטרוש קון דיזירלי אז פור איל זכות די לה"
                    HPOS="352.0"
                    VPOS="3098.0"
                    WIDTH="2133.0"
                    HEIGHT="143.0"></String>
          </TextLine>

          
          
          <TextLine ID="eSc_line_c187f2d5"
                    
                    BASELINE="359 3202 2489 3250" 
                    HPOS="352.0"
                    VPOS="3171.0"
                    WIDTH="2133.0"
                    HEIGHT="136.0">
            <Shape><Polygon POINTS="356 3201 352 3252 2474 3307 2485 3248 2485 3219 356 3171 356 3201"/></Shape>
	    <String CONTENT="ליי קי טיינין די ריסיב&#39;יר אי פור איל זכות די שוש פאדריש אברהם יצחק אי יעקב קי איראן טוש אמיגוש. אי"
                    HPOS="352.0"
                    VPOS="3171.0"
                    WIDTH="2133.0"
                    HEIGHT="136.0"></String>
          </TextLine>

          
          
          <TextLine ID="eSc_line_683bed73"
                    
                    BASELINE="367 3272 2489 3320" 
                    HPOS="359.0"
                    VPOS="3237.0"
                    WIDTH="2126.0"
                    HEIGHT="132.0">
            <Shape><Polygon POINTS="363 3270 359 3322 2474 3369 2485 3318 2485 3285 363 3237 363 3270"/></Shape>
	    <String CONTENT="אב&#39;רי לה בוקה אי דיש&#39;י לה שירה קון לוש צדיקים קי אב&#39;יאן אינטרי ב&#39;וזוטרוש אי קון אקיל זכות פאשאשטיש&#39;"
                    HPOS="359.0"
                    VPOS="3237.0"
                    WIDTH="2126.0"
                    HEIGHT="132.0"></String>
          </TextLine>

          
          
          <TextLine ID="eSc_line_975b5a44"
                    
                    BASELINE="363 3342 2489 3389" 
                    HPOS="356.0"
                    VPOS="3307.0"
                    WIDTH="2129.0"
                    HEIGHT="132.0">
            <Shape><Polygon POINTS="359 3340 356 3391 2474 3439 2485 3388 2485 3347 359 3307 359 3340"/></Shape>
	    <String CONTENT="לה מאר אי ב&#39;וס פידרונו איל פיקאדו איל שי&quot;ת אי לי איג&#39;ו און גריטו אה איל שר די לה מאר קי ב&#39;וס קיריאה"
                    HPOS="356.0"
                    VPOS="3307.0"
                    WIDTH="2129.0"
                    HEIGHT="132.0"></String>
          </TextLine>

          
          
          <TextLine ID="eSc_line_4619840a"
                    
                    BASELINE="359 3404 2489 3455" 
                    HPOS="352.0"
                    VPOS="3369.0"
                    WIDTH="2133.0"
                    HEIGHT="143.0">
            <Shape><Polygon POINTS="356 3402 352 3457 2474 3512 2485 3454 2485 3421 356 3369 356 3402"/></Shape>
	    <String CONTENT="אונדיר אי ב&#39;וס סיקו לה מאר אי פאשאסטיש&#39; אי פור אב&#39;יזו די אישטו דיזי איל פסוק ויסע משה את ישראל מים"
                    HPOS="352.0"
                    VPOS="3369.0"
                    WIDTH="2133.0"
                    HEIGHT="143.0"></String>
          </TextLine>

          
          
          <TextLine ID="eSc_line_31aaa1a5"
                    
                    BASELINE="378 3481 2478 3532" 
                    HPOS="370.0"
                    VPOS="3435.0"
                    WIDTH="2104.0"
                    HEIGHT="162.0">
            <Shape><Polygon POINTS="374 3479 370 3534 385 3545 389 3545 392 3545 624 3545 627 3542 664 3542 701 3542 737 3542 774 3545 811 3545 848 3545 884 3545 906 3545 1152 3549 1538 3549 1567 3564 1574 3564 1582 3567 1619 3567 1655 3567 1692 3567 1729 3571 1765 3571 1802 3571 2088 3567 2103 3578 2132 3582 2162 3567 2206 3582 2217 3586 2228 3589 2232 3589 2235 3589 2239 3589 2246 3586 2283 3571 2309 3589 2312 3593 2316 3593 2320 3593 2323 3597 2467 3597 2474 3531 2474 3490 374 3435 374 3479"/></Shape>
	    <String CONTENT="סוף&#39; קירי דיזיר קי פור איל זכות קי דיש&#39;ירון שירה ליש איזו מוב&#39;יר משה איל פיקאדו קי איזיירון אין לה מאר"
                    HPOS="370.0"
                    VPOS="3435.0"
                    WIDTH="2104.0"
                    HEIGHT="162.0"></String>
          </TextLine>

          
          
          <TextLine ID="eSc_line_dacad4e9"
                    
                    BASELINE="631 3547 2243 3591" 
                    HPOS="624.0"
                    VPOS="3512.0"
                    WIDTH="1615.0"
                    HEIGHT="158.0">
            <Shape><Polygon POINTS="627 3545 624 3597 745 3604 774 3630 778 3630 781 3630 785 3630 789 3630 859 3608 870 3608 932 3611 1141 3633 1145 3633 1299 3630 1545 3622 1589 3644 1608 3652 1611 3652 1615 3652 1619 3652 1622 3652 1630 3644 1659 3626 1791 3626 1890 3655 1916 3663 1920 3663 2228 3670 2239 3589 2239 3556 627 3512 627 3545"/></Shape>
	    <String CONTENT="קיריינדו דיזיר קי שי לו אינפריזינטו איל שי&quot;ת סיגון שי אב&#39;יזו אין לה פרשה די בשלח:"
                    HPOS="624.0"
                    VPOS="3512.0"
                    WIDTH="1615.0"
                    HEIGHT="158.0"></String>
          </TextLine>

          
          
          <TextLine ID="eSc_line_0a787c6e"
                    
                    BASELINE="362 3675 2502 3739" 
                    HPOS="356"
                    VPOS="3637"
                    WIDTH="2144"
                    HEIGHT="172">
            <Shape><Polygon POINTS="2452 3699 2415 3692 2382 3685 616 3637 616 3648 580 3648 543 3648 506 3648 469 3648 433 3648 396 3648 359 3648 359 3674 356 3721 458 3740 466 3740 502 3740 539 3740 576 3740 602 3740 649 3736 701 3732 903 3743 906 3743 972 3747 980 3747 1016 3747 1053 3751 1090 3751 1127 3751 1163 3751 1182 3751 1229 3743 1284 3754 1310 3754 1347 3758 1384 3758 1420 3758 1457 3762 1490 3762 1600 3758 1611 3765 1641 3765 1677 3765 1714 3765 1751 3769 1787 3769 1824 3769 1842 3769 1934 3765 1945 3773 1971 3773 2008 3776 2044 3776 2074 3776 2114 3769 2162 3798 2166 3802 2169 3802 2173 3802 2489 3809 2500 3736 2496 3703 2485 3707"/></Shape>
	    <String CONTENT="בין פארן ליס קיג&#39;ו דיזיר ברמז אקודראב&#39;וס *לו קי לו איזיסטיש&#39; אראב&#39;ייאר אל שי&quot;ת איניל קואינטו"
                    HPOS="356"
                    VPOS="3637"
                    WIDTH="2144"
                    HEIGHT="172"></String>
          </TextLine>

          
          
          <TextLine ID="eSc_line_985e8c3c"
                    
                    BASELINE="363 3745 653 3745 2121 3785" 
                    HPOS="356.0"
                    VPOS="3710.0"
                    WIDTH="1762.0"
                    HEIGHT="132.0">
            <Shape><Polygon POINTS="359 3743 356 3802 389 3802 392 3802 429 3802 466 3802 502 3802 539 3806 576 3806 613 3806 649 3806 686 3809 723 3809 759 3809 796 3809 833 3813 870 3813 906 3813 943 3813 976 3813 987 3817 1016 3817 1053 3817 1090 3817 1119 3817 1149 3820 1163 3820 1200 3820 1237 3820 1262 3820 1306 3824 1310 3824 1347 3824 1384 3824 1420 3824 1453 3824 1468 3828 1494 3828 1530 3828 1567 3828 1596 3828 1626 3831 1641 3831 1677 3831 1714 3831 1736 3831 1787 3835 1824 3835 1861 3835 1879 3835 1945 3839 1971 3839 2008 3839 2022 3839 2107 3842 2118 3784 2118 3743 359 3710 359 3743"/></Shape>
	    <String CONTENT="די לוש מרגלים קי נו קריאיסטיש אין לה פאלאב&#39;רה די איל שי&quot;ת קי ב&#39;וש אלאב&#39;ו לה טיירה"
                    HPOS="356.0"
                    VPOS="3710.0"
                    WIDTH="1762.0"
                    HEIGHT="132.0"></String>
          </TextLine>

          
          
          <TextLine ID="eSc_line_f43c2957"
                    
                    BASELINE="370 3807 2485 3859" 
                    HPOS="363.0"
                    VPOS="3776.0"
                    WIDTH="2118.0"
                    HEIGHT="132.0">
            <Shape><Polygon POINTS="367 3806 363 3868 2470 3908 2481 3857 2481 3828 367 3776 367 3806"/></Shape>
	    <String CONTENT="אי ב&#39;וש דיש&#39;ו קי אירה טיירה מאנאן ליג&#39;י אי מייל אי דיש&#39;ישטיש&#39; קי קיריאש&#39; קי אינביארה אישקולקאש קי"
                    HPOS="363.0"
                    VPOS="3776.0"
                    WIDTH="2118.0"
                    HEIGHT="132.0"></String>
          </TextLine>

          
          
          <TextLine ID="eSc_line_da2716af"
                    
                    BASELINE="363 3881 2478 3928" 
                    HPOS="356.0"
                    VPOS="3846.0"
                    WIDTH="2118.0"
                    HEIGHT="139.0">
            <Shape><Polygon POINTS="359 3879 356 3927 2463 3985 2474 3927 2474 3886 359 3846 359 3879"/></Shape>
	    <String CONTENT="אשקולקארה לה טיירה. אי פ&#39;ואי אי מי אקונסיג&#39;י קון איל שי&quot;ת אי לי דיש&#39;י טוש איג&#39;וש דימאנדאן קי אינביאי"
                    HPOS="356.0"
                    VPOS="3846.0"
                    WIDTH="2118.0"
                    HEIGHT="139.0"></String>
          </TextLine>

          
          
          <TextLine ID="eSc_line_3baad1fd"
                    
                    BASELINE="356 3950 2481 3998" 
                    HPOS="348.0"
                    VPOS="3905.0"
                    WIDTH="2130.0"
                    HEIGHT="187.0">
            <Shape><Polygon POINTS="352 3949 348 4044 425 4048 429 4048 433 4048 436 4048 488 4011 737 4033 741 4033 818 4018 844 4048 851 4051 851 4055 855 4055 859 4055 862 4055 866 4055 870 4055 870 4051 877 4048 903 4022 980 4048 1013 4059 1016 4059 1020 4059 1134 4048 1325 4029 1358 4048 1387 4070 1391 4070 1395 4070 1560 4073 1563 4073 1567 4073 1622 4051 1655 4037 1740 4051 1901 4077 1905 4077 1909 4077 1956 4051 2004 4077 2008 4077 2011 4077 2125 4051 2129 4051 2132 4051 2206 4088 2210 4088 2309 4092 2312 4092 2470 4051 2478 3996 2474 3952 352 3905 352 3949"/></Shape>
	    <String CONTENT="אישקולקאס פארה אישקולקאר לה טיירה. אי מי דיש&#39;ו איל שי&quot;ת סי ייו נו ליש דיגו קי אינביאין אגורה דיזין"
                    HPOS="348.0"
                    VPOS="3905.0"
                    WIDTH="2130.0"
                    HEIGHT="187.0"></String>
          </TextLine>

          
        </TextBlock>
        

        
      </PrintSpace>
    </Page>
  </Layout>
</alto>
