<?xml version="1.0" encoding="UTF-8"?>
<alto xmlns:xsi="http://www.w3.org/2001/XMLSchema-instance"
      xmlns="http://www.loc.gov/standards/alto/ns-v4#"
      xsi:schemaLocation="http://www.loc.gov/standards/alto/ns-v4# http://www.loc.gov/standards/alto/v4/alto-4-2.xsd">
  <Description>
    <MeasurementUnit>pixel</MeasurementUnit>
    <sourceImageInformation>
      <fileName>Meam Loez Devarim Kushtandina 1773_30.jpg</fileName>
      
    </sourceImageInformation>
  </Description>
  
  <Layout>
    <Page WIDTH="2680"
          HEIGHT="4448"
          PHYSICAL_IMG_NR="29"
          ID="eSc_dummypage_">
      <PrintSpace HPOS="0"
                  VPOS="0"
                  WIDTH="2680"
                  HEIGHT="4448">
        
        <TextBlock HPOS="133.0"
                   VPOS="177.0"
                   WIDTH="2472.0"
                   HEIGHT="3926.0"
                   ID="eSc_textblock_f806f987"
                   >
          <Shape><Polygon POINTS="2324 2294 2591 2342 2576 2413 2357 2413 2324 2461 2324 3184 2591 3232 2605 3347 2561 3436 2324 3395 2279 4103 281 4103 133 4043 148 177 2324 207 2338 885 2605 904 2591 1034 2324 1052 2324 2294"/></Shape>
          
          
          <TextLine ID="eSc_line_905bd064"
                    
                    BASELINE="151 194 2309 217" 
                    HPOS="144.0"
                    VPOS="177.0"
                    WIDTH="2161.0"
                    HEIGHT="97.0">
            <Shape><Polygon POINTS="2294 203 2257 203 2220 203 2183 203 2146 203 2109 203 2072 203 2035 200 1997 200 1960 200 1923 200 1886 200 1849 200 1812 200 1775 200 1738 196 1701 196 1664 196 1627 196 1590 196 1553 196 1516 196 1479 192 1441 192 1404 192 1367 192 1330 192 1293 192 1256 192 1219 189 1182 189 1145 189 1108 189 1071 189 1034 189 997 189 960 189 922 185 885 185 848 185 811 185 774 185 737 185 700 185 663 181 626 181 589 181 552 181 515 181 478 181 441 181 404 177 366 177 329 177 292 177 255 177 218 177 181 177 148 177 148 192 144 240 2294 274 2305 214 2301 203 2294 203"/></Shape>
	    <String CONTENT="דיפיירדאן אילייוש אי קי נו דיגאן קי נו אוב&#39;ו פודיר אין מי מאנו אה אבאסטיסירליס קארני אי לי רוגי אל"
                    HPOS="144.0"
                    VPOS="177.0"
                    WIDTH="2161.0"
                    HEIGHT="97.0"></String>
          </TextLine>

          
          
          <TextLine ID="eSc_line_cca24490"
                    
                    BASELINE="155 261 2309 291" 
                    HPOS="148.0"
                    VPOS="222.0"
                    WIDTH="2157.0"
                    HEIGHT="111.0">
            <Shape><Polygon POINTS="151 259 148 303 2294 333 2305 289 2301 252 151 222 151 259"/></Shape>
	    <String CONTENT="שי&quot;ת אי לי דיש&#39;י אירי אי פואידי סיר קי סי אפ&#39;אלאגין אי מי דיש&#39;ו איל שי&quot;ת ב&#39;א אמא נו טי טיינין די אואיר"
                    HPOS="148.0"
                    VPOS="222.0"
                    WIDTH="2157.0"
                    HEIGHT="111.0"></String>
          </TextLine>

          
          
          <TextLine ID="eSc_line_2cebc177"
                    
                    BASELINE="155 331 2305 354" 
                    HPOS="148.0"
                    VPOS="296.0"
                    WIDTH="2153.0"
                    HEIGHT="119.0">
            <Shape><Polygon POINTS="151 329 148 378 2290 415 2301 352 2298 318 151 296 151 329"/></Shape>
	    <String CONTENT="אי אינפיסי אה אפ&#39;אלאגארב&#39;וש קון דיזירב&#39;וס קי נו וינייראש&#39; קואינטרה אה איל שי&quot;ת קי סיירטו קי אין סו"
                    HPOS="148.0"
                    VPOS="296.0"
                    WIDTH="2153.0"
                    HEIGHT="119.0"></String>
          </TextLine>

          
          
          <TextLine ID="eSc_line_9471de19"
                    
                    BASELINE="155 398 2305 428" 
                    HPOS="148.0"
                    VPOS="363.0"
                    WIDTH="2153.0"
                    HEIGHT="118.0">
            <Shape><Polygon POINTS="151 396 148 441 2290 481 2301 426 2298 392 151 363 151 396"/></Shape>
	    <String CONTENT="מאנו איי פודיר די אזיר טודו לו קי דימאנדאש&#39;. נו ב&#39;וש קיטו אגואס די לה פינייא קין טוב&#39;ו פודיר די קיטאר"
                    HPOS="148.0"
                    VPOS="363.0"
                    WIDTH="2153.0"
                    HEIGHT="118.0"></String>
          </TextLine>

          
          
          <TextLine ID="eSc_line_9c453069"
                    
                    BASELINE="155 469 2305 495" 
                    HPOS="148.0"
                    VPOS="429.0"
                    WIDTH="2153.0"
                    HEIGHT="112.0">
            <Shape><Polygon POINTS="151 467 148 511 2290 541 2301 492 2298 455 151 429 151 467"/></Shape>
	    <String CONTENT="אגואס די לה פינייא טייני פודיר די דארב&#39;וס קארני אי נו קיג&#39;ישטיש&#39; אואירמי אי ד יש&#39;ישטיש&#39; קי נו אב&#39;יאה"
                    HPOS="148.0"
                    VPOS="429.0"
                    WIDTH="2153.0"
                    HEIGHT="112.0"></String>
          </TextLine>

          
          
          <TextLine ID="eSc_line_41b8714d"
                    
                    BASELINE="155 535 2301 561" 
                    HPOS="148.0"
                    VPOS="500.0"
                    WIDTH="2150.0"
                    HEIGHT="111.0">
            <Shape><Polygon POINTS="151 533 148 578 2287 611 2298 559 2294 526 151 500 151 533"/></Shape>
	    <String CONTENT="פודיר אין סו מאנו די אבאשטישיר לו קי לי דימאנדאב&#39;אש&#39; אי ב&#39;וס אפינו איל שי&quot;ת קי קומיינדו לה קארני"
                    HPOS="148.0"
                    VPOS="500.0"
                    WIDTH="2150.0"
                    HEIGHT="111.0"></String>
          </TextLine>

          
          
          <TextLine ID="eSc_line_38090cbf"
                    
                    BASELINE="148 602 2301 632" 
                    HPOS="140.0"
                    VPOS="563.0"
                    WIDTH="2158.0"
                    HEIGHT="119.0">
            <Shape><Polygon POINTS="144 600 140 659 2287 682 2298 630 2298 589 144 563 144 600"/></Shape>
	    <String CONTENT="אאינדה לה טיניאש אינלוש דיינטיש אי ב&#39;וש איריאה איל שי&quot;ת אירידה גראנדי מונג&#39;ו קי נו אוב&#39;ו קומו אילייא"
                    HPOS="140.0"
                    VPOS="563.0"
                    WIDTH="2158.0"
                    HEIGHT="119.0"></String>
          </TextLine>

          
          
          <TextLine ID="eSc_line_e83d455f"
                    
                    BASELINE="1378 684 2016 695" 
                    HPOS="1371.0"
                    VPOS="641.0"
                    WIDTH="641.0"
                    HEIGHT="100.0">
            <Shape><Polygon POINTS="1375 682 1371 737 2001 741 2012 693 2009 659 1375 641 1375 682"/></Shape>
	    <String CONTENT="דינדי קי סאליסטיש&#39; די מצרים:"
                    HPOS="1371.0"
                    VPOS="641.0"
                    WIDTH="641.0"
                    HEIGHT="100.0"></String>
          </TextLine>

          
          
          <TextLine ID="eSc_line_a0560c01"
                    
                    BASELINE="144 735 1334 747 2305 784" 
                    HPOS="137.0"
                    VPOS="693.0"
                    WIDTH="2164.0"
                    HEIGHT="155.0">
            <Shape><Polygon POINTS="140 733 137 789 626 804 656 804 693 804 730 804 767 804 804 804 841 804 878 804 915 804 930 804 997 793 1056 804 1063 804 1100 808 1137 808 1152 808 1197 796 1208 808 1212 808 1249 808 1286 811 1323 811 1360 811 1397 811 1401 811 1571 804 1593 815 1619 815 1656 819 1690 819 1749 808 1805 819 1842 822 1879 822 1912 822 1931 815 1953 822 1990 822 1997 837 2009 841 2016 845 2020 845 2290 848 2301 782 2301 722 140 693 140 733"/></Shape>
	    <String CONTENT="וחצרות ליס קיג&#39;ו דיזיר ברמז *אקודראב&#39;וס לו קי איזיסטיש&#39; אראב&#39;ייאר אל שי&quot;ת אין חצרות אין איל"
                    HPOS="137.0"
                    VPOS="693.0"
                    WIDTH="2164.0"
                    HEIGHT="155.0"></String>
          </TextLine>

          
          
          <TextLine ID="eSc_line_89756be8"
                    
                    BASELINE="148 813 911 810 2009 832" 
                    HPOS="140.0"
                    VPOS="763.0"
                    WIDTH="1865.0"
                    HEIGHT="122.0">
            <Shape><Polygon POINTS="144 811 140 856 1994 885 2005 830 2005 793 144 763 144 811"/></Shape>
	    <String CONTENT="קואינטו די קרח קי וינו אה פיליאר קון מי אי אקוג&#39;ו דוזיינטאס אי סינקואינטה פריסונאס קון"
                    HPOS="140.0"
                    VPOS="763.0"
                    WIDTH="1865.0"
                    HEIGHT="122.0"></String>
          </TextLine>

          
          
          <TextLine ID="eSc_line_4048884a"
                    
                    BASELINE="148 869 2305 902" 
                    HPOS="140.0"
                    VPOS="834.0"
                    WIDTH="2161.0"
                    HEIGHT="126.0">
            <Shape><Polygon POINTS="144 867 140 922 2290 960 2301 900 2301 856 144 834 144 867"/></Shape>
	    <String CONTENT="איל אי פ&#39;ואי אי ב&#39;וס סונבאייו אה ב&#39;וזוטרוס דיזיינדו קי אינטינדיש&#39; קי ייו קירו טומאר פארה מי לה גרנדיזה"
                    HPOS="140.0"
                    VPOS="834.0"
                    WIDTH="2161.0"
                    HEIGHT="126.0"></String>
          </TextLine>

          
          
          <TextLine ID="eSc_line_edd45d20"
                    
                    BASELINE="148 939 2305 976" 
                    HPOS="140.0"
                    VPOS="897.0"
                    WIDTH="2161.0"
                    HEIGHT="133.0">
            <Shape><Polygon POINTS="144 937 140 993 2290 1030 2301 974 2298 941 144 897 144 937"/></Shape>
	    <String CONTENT="נו בוש&#39;קו ייו אוטרו קי סיאה לה גראנדיזה פארה טודוס מוזוטרוס אי קון איסטאס פאלאב&#39;ראס ב&#39;וס סונבאייו"
                    HPOS="140.0"
                    VPOS="897.0"
                    WIDTH="2161.0"
                    HEIGHT="133.0"></String>
          </TextLine>

          
          
          <TextLine ID="eSc_line_0c911e1c"
                    
                    BASELINE="144 1010 2298 1039" 
                    HPOS="137.0"
                    VPOS="971.0"
                    WIDTH="2157.0"
                    HEIGHT="118.0">
            <Shape><Polygon POINTS="140 1008 137 1060 2283 1089 2294 1037 2290 1004 140 971 140 1008"/></Shape>
	    <String CONTENT="אי ב&#39;וס אג&#39;ונטאסטיש&#39; קון אילייוש פארה פיליאר קון מי אי אינביאי אי ייאמי אה דתן אי אבירם אה ויר קי"
                    HPOS="137.0"
                    VPOS="971.0"
                    WIDTH="2157.0"
                    HEIGHT="118.0"></String>
          </TextLine>

          
          
          <TextLine ID="eSc_line_5508d8c0"
                    
                    BASELINE="144 1073 2301 1106" 
                    HPOS="137.0"
                    VPOS="1045.0"
                    WIDTH="2161.0"
                    HEIGHT="111.0">
            <Shape><Polygon POINTS="140 1071 137 1134 2287 1156 2298 1104 2298 1067 140 1045 140 1071"/></Shape>
	    <String CONTENT="אירה סו דימאנדה די אילייוס אי נו קיג&#39;ירון ויניר אי מי אליב&#39;אנטי ייו פרופייו אי פ&#39;ואי אונדי אילייוש דיזיינדו"
                    HPOS="137.0"
                    VPOS="1045.0"
                    WIDTH="2161.0"
                    HEIGHT="111.0"></String>
          </TextLine>

          
          
          <TextLine ID="eSc_line_0cd5be53"
                    
                    BASELINE="144 1143 2298 1169" 
                    HPOS="137.0"
                    VPOS="1115.0"
                    WIDTH="2157.0"
                    HEIGHT="115.0">
            <Shape><Polygon POINTS="140 1141 137 1204 2283 1230 2294 1167 2290 1141 140 1115 140 1141"/></Shape>
	    <String CONTENT="פואידי סיר קי אינדו ייו סי אב&#39;ירגואינסאראן די מי אי סי אריפינטיראן אי קואנטו מי ויירון ויניר מי"
                    HPOS="137.0"
                    VPOS="1115.0"
                    WIDTH="2157.0"
                    HEIGHT="115.0"></String>
          </TextLine>

          
          
          <TextLine ID="eSc_line_d8e81355"
                    
                    BASELINE="144 1214 2301 1240" 
                    HPOS="137.0"
                    VPOS="1178.0"
                    WIDTH="2161.0"
                    HEIGHT="111.0">
            <Shape><Polygon POINTS="140 1212 137 1263 2287 1289 2298 1238 2294 1204 140 1178 140 1212"/></Shape>
	    <String CONTENT="אינפיסארון אה דיזאונראר אילייוס אי אינפיסאסטיש&#39; אה דיזיר ב&#39;וזוטרוס לה איסקלאב&#39;ידאד קי טינימוס קון"
                    HPOS="137.0"
                    VPOS="1178.0"
                    WIDTH="2161.0"
                    HEIGHT="111.0"></String>
          </TextLine>

          
          
          <TextLine ID="eSc_line_2d9f304e"
                    
                    BASELINE="144 1280 2305 1310" 
                    HPOS="137.0"
                    VPOS="1249.0"
                    WIDTH="2164.0"
                    HEIGHT="118.0">
            <Shape><Polygon POINTS="140 1278 137 1326 2290 1367 2301 1308 2301 1278 140 1249 140 1278"/></Shape>
	    <String CONTENT="טי איס מאס ניגרו קי לה קי טיניאמוס אין מצרים אין קאדה אנייו מואירין פארטידה די מוזוטרוס אין איל"
                    HPOS="137.0"
                    VPOS="1249.0"
                    WIDTH="2164.0"
                    HEIGHT="118.0"></String>
          </TextLine>

          
          
          <TextLine ID="eSc_line_0d538610"
                    
                    BASELINE="140 1343 2301 1380" 
                    HPOS="133.0"
                    VPOS="1308.0"
                    WIDTH="2165.0"
                    HEIGHT="130.0">
            <Shape><Polygon POINTS="137 1341 133 1397 2287 1438 2298 1378 2298 1349 137 1308 137 1341"/></Shape>
	    <String CONTENT="פור איל איג&#39;ו די לוס מרגלים אין קואל קיר קוזיקה קי אזימוס וייני לה מגפה אי מורימוס אוטרה פארטידה"
                    HPOS="133.0"
                    VPOS="1308.0"
                    WIDTH="2165.0"
                    HEIGHT="130.0"></String>
          </TextLine>

          
          
          <TextLine ID="eSc_line_bc36d05f"
                    
                    BASELINE="140 1414 2301 1451" 
                    HPOS="133.0"
                    VPOS="1378.0"
                    WIDTH="2165.0"
                    HEIGHT="126.0">
            <Shape><Polygon POINTS="137 1412 133 1460 2287 1504 2298 1449 2298 1419 137 1378 137 1412"/></Shape>
	    <String CONTENT="מיג&#39;ור אירה איסטאר אין מצרים אי נו דיבאש&#39;ו די גואיסטראס מאנוס אי קיג&#39;יסטיש אפידריארמי קון פיידראס"
                    HPOS="133.0"
                    VPOS="1378.0"
                    WIDTH="2165.0"
                    HEIGHT="126.0"></String>
          </TextLine>

          
          
          <TextLine ID="eSc_line_57d2cf48"
                    
                    BASELINE="144 1481 2305 1514" 
                    HPOS="137.0"
                    VPOS="1445.0"
                    WIDTH="2164.0"
                    HEIGHT="126.0">
            <Shape><Polygon POINTS="140 1478 137 1530 2290 1571 2301 1512 2301 1482 140 1445 140 1478"/></Shape>
	    <String CONTENT="אי אינפיסאסטיש&#39; אה דיזיר כל העדה כלם קדושים. קיריינדו דיזיר קי טודוס מוזוטרוס אואימוס די בוקה"
                    HPOS="137.0"
                    VPOS="1445.0"
                    WIDTH="2164.0"
                    HEIGHT="126.0"></String>
          </TextLine>

          
          
          <TextLine ID="eSc_line_7ea0ad71"
                    
                    BASELINE="140 1551 2305 1584" 
                    HPOS="133.0"
                    VPOS="1516.0"
                    WIDTH="2168.0"
                    HEIGHT="122.0">
            <Shape><Polygon POINTS="137 1549 133 1597 2290 1638 2301 1582 2298 1549 137 1516 137 1549"/></Shape>
	    <String CONTENT="די איל שי&quot;ת אנכי ה&#39; אלהיך אי פורקי טיניש די סיר ב&#39;וזוטרוס לוס גראנדיס אה מאנדאר סוב&#39;רי מוזוטרוס אי"
                    HPOS="133.0"
                    VPOS="1516.0"
                    WIDTH="2168.0"
                    HEIGHT="122.0"></String>
          </TextLine>

          
          
          <TextLine ID="eSc_line_4e8beaa6"
                    
                    BASELINE="137 1621 2305 1655" 
                    HPOS="129.0"
                    VPOS="1582.0"
                    WIDTH="2172.0"
                    HEIGHT="123.0">
            <Shape><Polygon POINTS="133 1619 129 1671 2290 1705 2301 1653 2298 1619 133 1582 133 1619"/></Shape>
	    <String CONTENT="אינפיסאסטיש&#39; אה דיזיר קי *פרוב&#39;יג&#39;ו טוב&#39;ימוס די טי קי אינסינייוריאס סוב&#39;רי מוזוטרוס סי מוס קיטאב&#39;אס"
                    HPOS="129.0"
                    VPOS="1582.0"
                    WIDTH="2172.0"
                    HEIGHT="123.0"></String>
          </TextLine>

          
          
          <TextLine ID="eSc_line_78d1d36c"
                    
                    BASELINE="140 1692 2305 1721" 
                    HPOS="133.0"
                    VPOS="1653.0"
                    WIDTH="2168.0"
                    HEIGHT="126.0">
            <Shape><Polygon POINTS="137 1690 133 1738 2290 1779 2301 1719 2298 1679 137 1653 137 1690"/></Shape>
	    <String CONTENT="די לה טיירה די מצרים קי אירה אונה טיירה קומו גן עדן אי מוס טראיאס אה אוטרה טיירה בואינה קומו"
                    HPOS="133.0"
                    VPOS="1653.0"
                    WIDTH="2168.0"
                    HEIGHT="126.0"></String>
          </TextLine>

          
          
          <TextLine ID="eSc_line_1f54434b"
                    
                    BASELINE="140 1755 2305 1792" 
                    HPOS="133.0"
                    VPOS="1719.0"
                    WIDTH="2168.0"
                    HEIGHT="123.0">
            <Shape><Polygon POINTS="137 1753 133 1801 2290 1842 2301 1790 2301 1760 137 1719 137 1753"/></Shape>
	    <String CONTENT="אילייא אי מוס דאב&#39;אס קאנפוס אי וינייאס סיגון טיניאמוס אין מצרים אי קיריאס אינסונייוריאר סוב&#39;רי"
                    HPOS="133.0"
                    VPOS="1719.0"
                    WIDTH="2168.0"
                    HEIGHT="123.0"></String>
          </TextLine>

          
          
          <TextLine ID="eSc_line_7a3a1834"
                    
                    BASELINE="137 1822 2305 1862" 
                    HPOS="129.0"
                    VPOS="1786.0"
                    WIDTH="2172.0"
                    HEIGHT="134.0">
            <Shape><Polygon POINTS="133 1819 129 1879 2290 1920 2301 1860 2298 1819 133 1786 133 1819"/></Shape>
	    <String CONTENT="מוזוטרוס לו סונפורטאב&#39;אמוס פירו מוס קיטאסטיס די מואיסטראס קאזאס די מואיסטרוס קאנפוס די"
                    HPOS="129.0"
                    VPOS="1786.0"
                    WIDTH="2172.0"
                    HEIGHT="134.0"></String>
          </TextLine>

          
          
          <TextLine ID="eSc_line_37fe2710"
                    
                    BASELINE="137 1896 2305 1933" 
                    HPOS="129.0"
                    VPOS="1857.0"
                    WIDTH="2172.0"
                    HEIGHT="129.0">
            <Shape><Polygon POINTS="133 1894 129 1942 2290 1986 2301 1931 2298 1894 133 1857 133 1894"/></Shape>
	    <String CONTENT="מואיסטראס וינייאס אי מוס דיש&#39;אסטיס אין איסטי מדבר פארה קי קאדה אורה קון און אג&#39;אקי מוס מאטאס"
                    HPOS="129.0"
                    VPOS="1857.0"
                    WIDTH="2172.0"
                    HEIGHT="129.0"></String>
          </TextLine>

          
          
          <TextLine ID="eSc_line_7fbc0261"
                    
                    BASELINE="140 1959 2301 1999" 
                    HPOS="133.0"
                    VPOS="1923.0"
                    WIDTH="2165.0"
                    HEIGHT="130.0">
            <Shape><Polygon POINTS="137 1957 133 2005 2287 2053 2298 1997 2298 1968 137 1923 137 1957"/></Shape>
	    <String CONTENT="קון לה מגפה לוס אוג&#39;וס פינסאס קי טינימוס שיראדוס אי נו וימוס. אין אקיאה אורה סי אראב&#39;ייו מונג&#39;ו"
                    HPOS="133.0"
                    VPOS="1923.0"
                    WIDTH="2165.0"
                    HEIGHT="130.0"></String>
          </TextLine>

          
          
          <TextLine ID="eSc_line_d0aed9c5"
                    
                    BASELINE="137 2033 2301 2066" 
                    HPOS="129.0"
                    VPOS="1994.0"
                    WIDTH="2169.0"
                    HEIGHT="126.0">
            <Shape><Polygon POINTS="133 2001 133 2031 129 2086 2287 2120 2298 2064 2294 2027 137 1994 133 2001"/></Shape>
	    <String CONTENT="איל שי&quot;ת קון ב&#39;וזוטרוס אי קיריאה אטימארב&#39;וס אין און פונטו סיגון דיזי איל פסוק הבדלו מתוך העדה הזאת"
                    HPOS="129.0"
                    VPOS="1994.0"
                    WIDTH="2169.0"
                    HEIGHT="126.0"></String>
          </TextLine>

          
          
          <TextLine ID="eSc_line_8a872d7f"
                    
                    BASELINE="140 2096 2301 2137" 
                    HPOS="133.0"
                    VPOS="2060.0"
                    WIDTH="2165.0"
                    HEIGHT="130.0">
            <Shape><Polygon POINTS="137 2094 133 2138 2287 2190 2298 2135 2298 2105 137 2060 137 2094"/></Shape>
	    <String CONTENT="ואכלה אותם ברגע. אי אין אקיאה אורה מי אישטרימישי מונג&#39;ו קי נו שאב&#39;יאה קי אזיר שיינדו ייא אירה"
                    HPOS="133.0"
                    VPOS="2060.0"
                    WIDTH="2165.0"
                    HEIGHT="130.0"></String>
          </TextLine>

          
          
          <TextLine ID="eSc_line_ade73ac2"
                    
                    BASELINE="137 2163 2298 2207" 
                    HPOS="129.0"
                    VPOS="2123.0"
                    WIDTH="2165.0"
                    HEIGHT="138.0">
            <Shape><Polygon POINTS="133 2160 129 2212 2283 2261 2294 2205 2294 2168 133 2123 133 2160"/></Shape>
	    <String CONTENT="קוארטינה ויז קי פיקאסטיש&#39; אי לו איזיסטיש&#39; אראב&#39;ייאר אל שי&quot;ת אי נו טיניאה קארה די אזיר תפלה פור"
                    HPOS="129.0"
                    VPOS="2123.0"
                    WIDTH="2165.0"
                    HEIGHT="138.0"></String>
          </TextLine>

          
          
          <TextLine ID="eSc_line_dce0c3b1"
                    
                    BASELINE="140 2229 2301 2270" 
                    HPOS="133.0"
                    VPOS="2194.0"
                    WIDTH="2165.0"
                    HEIGHT="133.0">
            <Shape><Polygon POINTS="137 2227 133 2287 2287 2327 2298 2268 2294 2235 137 2194 137 2227"/></Shape>
	    <String CONTENT="ב&#39;וזוטרוס פורקי דיש&#39;י קואנטאס ויזיס שון קי אגו תפלה אי דו טראב&#39;אג&#39;ו אל שי&quot;ת פור ב&#39;וזוטרוס פיקאסטיש&#39;"
                    HPOS="133.0"
                    VPOS="2194.0"
                    WIDTH="2165.0"
                    HEIGHT="133.0"></String>
          </TextLine>

          
          
          <TextLine ID="eSc_line_f723db38"
                    
                    BASELINE="140 2296 2194 2337 2296 2342" 
                    HPOS="133.0"
                    VPOS="2264.0"
                    WIDTH="2161.0"
                    HEIGHT="130.0">
            <Shape><Polygon POINTS="137 2294 133 2353 2283 2394 2294 2338 2290 2305 137 2264 137 2294"/></Shape>
	    <String CONTENT="*אין איל עגל אי אינפיסו לה מגפה אין ב&#39;וזוטרוס אי איזי תפלה פור ב&#39;וזוטרוס סיגון סי אב&#39;יזו אין לה פרשה"
                    HPOS="133.0"
                    VPOS="2264.0"
                    WIDTH="2161.0"
                    HEIGHT="130.0"></String>
          </TextLine>

          
          
          <TextLine ID="eSc_line_11df33c5"
                    
                    BASELINE="140 2363 2298 2411" 
                    HPOS="133.0"
                    VPOS="2327.0"
                    WIDTH="2161.0"
                    HEIGHT="141.0">
            <Shape><Polygon POINTS="137 2361 133 2420 2283 2468 2294 2409 2294 2368 137 2327 137 2361"/></Shape>
	    <String CONTENT="די כי תשא. פיקאשטיש&#39; אין לוש מתאוננים אי אינשינדייו איל שי&quot;ת און פ&#39;ואיגו אינטרי ב&#39;וזוטרוס אי קימו"
                    HPOS="133.0"
                    VPOS="2327.0"
                    WIDTH="2161.0"
                    HEIGHT="141.0"></String>
          </TextLine>

          
          
          <TextLine ID="eSc_line_df313c09"
                    
                    BASELINE="140 2433 2301 2478" 
                    HPOS="133.0"
                    VPOS="2398.0"
                    WIDTH="2165.0"
                    HEIGHT="137.0">
            <Shape><Polygon POINTS="137 2431 133 2483 2287 2535 2298 2476 2294 2442 137 2398 137 2431"/></Shape>
	    <String CONTENT="פארטידה די ב&#39;וזוטרוס אי איזי תפלה פור ב&#39;וזוטרוס קי קידארה אקיל פ&#39;ואיגו סיגון לו ויריש אין לה פרשה"
                    HPOS="133.0"
                    VPOS="2398.0"
                    WIDTH="2165.0"
                    HEIGHT="137.0"></String>
          </TextLine>

          
          
          <TextLine ID="eSc_line_76c29b07"
                    
                    BASELINE="133 2500 2294 2544" 
                    HPOS="126.0"
                    VPOS="2457.0"
                    WIDTH="2164.0"
                    HEIGHT="145.0">
            <Shape><Polygon POINTS="129 2498 126 2550 2279 2602 2290 2542 2290 2509 129 2457 129 2498"/></Shape>
	    <String CONTENT="די בהעלותך. אי אין איסטי פלייטו די אגורה מי סי אפ&#39;לוש&#39;ארון מיס מאנוס קי נו טיניאה קארה אה אזיר"
                    HPOS="126.0"
                    VPOS="2457.0"
                    WIDTH="2164.0"
                    HEIGHT="145.0"></String>
          </TextLine>

          
          
          <TextLine ID="eSc_line_fe8af5cb"
                    
                    BASELINE="137 2574 2298 2618" 
                    HPOS="129.0"
                    VPOS="2539.0"
                    WIDTH="2165.0"
                    HEIGHT="133.0">
            <Shape><Polygon POINTS="133 2572 129 2620 2283 2672 2294 2616 2294 2583 133 2539 133 2572"/></Shape>
	    <String CONTENT="תפלה אל שי&quot;ת פור ב&#39;וזוטרוס קי דיש&#39;י אשטה קואנדו לי דארי טראב&#39;אג&#39;ו אל שי&quot;ת פור ב&#39;וזוטרוש נו סיאה קי"
                    HPOS="129.0"
                    VPOS="2539.0"
                    WIDTH="2165.0"
                    HEIGHT="133.0"></String>
          </TextLine>

          
          
          <TextLine ID="eSc_line_fbfa84a0"
                    
                    BASELINE="140 2633 2290 2685" 
                    HPOS="133.0"
                    VPOS="2602.0"
                    WIDTH="2154.0"
                    HEIGHT="137.0">
            <Shape><Polygon POINTS="137 2631 133 2691 1660 2728 1690 2728 1697 2728 1812 2731 1838 2731 1875 2731 1894 2731 1968 2735 1986 2735 2023 2735 2060 2735 2098 2735 2135 2739 2172 2739 2209 2739 2246 2739 2275 2739 2287 2683 2287 2653 137 2602 137 2631"/></Shape>
	    <String CONTENT="סי אראב&#39;יי אי נו ריסיב&#39;ה מי תפלה אי פור אב&#39;יזו די איסטו דיזי איל פסוק וישמע משה ויפל על פניו. קירי"
                    HPOS="133.0"
                    VPOS="2602.0"
                    WIDTH="2154.0"
                    HEIGHT="137.0"></String>
          </TextLine>

          
          
          <TextLine ID="eSc_line_da8a9cb1"
                    
                    BASELINE="137 2707 2301 2748" 
                    HPOS="129.0"
                    VPOS="2672.0"
                    WIDTH="2169.0"
                    HEIGHT="133.0">
            <Shape><Polygon POINTS="133 2705 129 2765 2287 2805 2298 2746 2294 2716 133 2672 133 2705"/></Shape>
	    <String CONTENT="דיזיר קואנטו אוייו משה אישטו קי איזיירון סי איג&#39;ו סוב&#39;רי סוס פאסיס קומו און אומברי קי סי לי טומאן לאס"
                    HPOS="129.0"
                    VPOS="2672.0"
                    WIDTH="2169.0"
                    HEIGHT="133.0"></String>
          </TextLine>

          
          
          <TextLine ID="eSc_line_e2b43576"
                    
                    BASELINE="133 2774 2301 2819" 
                    HPOS="126.0"
                    VPOS="2739.0"
                    WIDTH="2172.0"
                    HEIGHT="137.0">
            <Shape><Polygon POINTS="129 2772 126 2820 2287 2876 2298 2817 2294 2783 129 2739 129 2772"/></Shape>
	    <String CONTENT="מאנוס אי לוס פייס נו סאב&#39;י לו קי ארה. אי איסטו איס משל אה און איג&#39;ו די און ריי קי לו איזו אראב&#39;ייאר"
                    HPOS="126.0"
                    VPOS="2739.0"
                    WIDTH="2172.0"
                    HEIGHT="137.0"></String>
          </TextLine>

          
          
          <TextLine ID="eSc_line_3146d037"
                    
                    BASELINE="133 2841 2294 2889" 
                    HPOS="126.0"
                    VPOS="2805.0"
                    WIDTH="2164.0"
                    HEIGHT="141.0">
            <Shape><Polygon POINTS="129 2839 126 2898 448 2906 459 2906 459 2906 782 2913 793 2913 793 2913 1115 2920 1126 2920 1126 2920 1445 2928 1460 2928 1460 2928 2279 2946 2290 2887 2290 2854 129 2805 129 2839"/></Shape>
	    <String CONTENT="אל ריי אונה ויז אי וינו סו אמיגו אי לו טומו אל ריי קון בואינאס אי לי רוגו קי לי אינפריזינטארה אה שו איג&#39;ו"
                    HPOS="126.0"
                    VPOS="2805.0"
                    WIDTH="2164.0"
                    HEIGHT="141.0"></String>
          </TextLine>

          
          
          <TextLine ID="eSc_line_44e58988"
                    
                    BASELINE="137 2908 2298 2956" 
                    HPOS="129.0"
                    VPOS="2872.0"
                    WIDTH="2165.0"
                    HEIGHT="134.0">
            <Shape><Polygon POINTS="133 2906 129 2965 2283 3006 2294 2954 2294 2920 133 2872 133 2906"/></Shape>
	    <String CONTENT="איל פיקאדו טורנו איל איג&#39;ו אי פיקו קון איל פאדרי אוטרה ויז לי רוגו איל אמיגו אי שי לו אינפריזינטו אי"
                    HPOS="129.0"
                    VPOS="2872.0"
                    WIDTH="2165.0"
                    HEIGHT="134.0"></String>
          </TextLine>

          
          
          <TextLine ID="eSc_line_de48cc6d"
                    
                    BASELINE="137 2982 2294 3023" 
                    HPOS="129.0"
                    VPOS="2946.0"
                    WIDTH="2161.0"
                    HEIGHT="134.0">
            <Shape><Polygon POINTS="133 2980 129 3024 2279 3080 2290 3020 2290 2991 133 2946 133 2980"/></Shape>
	    <String CONTENT="אוטרו טאנטו לה ויז טרישירה. קואנדו ייא לו איזו אראב&#39;ייאר לה ויז קוארטינה נו טיניאה קארה איל אמיגו"
                    HPOS="129.0"
                    VPOS="2946.0"
                    WIDTH="2161.0"
                    HEIGHT="134.0"></String>
          </TextLine>

          
          
          <TextLine ID="eSc_line_097a614d"
                    
                    BASELINE="133 3048 2294 3097" 
                    HPOS="126.0"
                    VPOS="3013.0"
                    WIDTH="2164.0"
                    HEIGHT="137.0">
            <Shape><Polygon POINTS="129 3039 129 3046 126 3102 2279 3150 2290 3095 2290 3058 144 3013 129 3039"/></Shape>
	    <String CONTENT="די רוגארלי אוטרה ויז אל פאדרי קי דיש&#39;ו אסטה קואנדו לי דארי טראב&#39;אג&#39;ו אל פאדרי נו סיאה קי נו ריסיב&#39;ה"
                    HPOS="126.0"
                    VPOS="3013.0"
                    WIDTH="2164.0"
                    HEIGHT="137.0"></String>
          </TextLine>

          
          
          <TextLine ID="eSc_line_a12df145"
                    
                    BASELINE="137 3111 2298 3167" 
                    HPOS="129.0"
                    VPOS="3076.0"
                    WIDTH="2165.0"
                    HEIGHT="148.0">
            <Shape><Polygon POINTS="133 3109 129 3169 1275 3198 1278 3198 1278 3198 2283 3224 2294 3165 2294 3132 133 3076 133 3109"/></Shape>
	    <String CONTENT="מיס פאלאב&#39;ראס אי קון טודו איסטו מי פארי קון תפלה אל שי&quot;ת אי לי דיש&#39;י אה סינייור די איל מונדו פורקי"
                    HPOS="129.0"
                    VPOS="3076.0"
                    WIDTH="2165.0"
                    HEIGHT="148.0"></String>
          </TextLine>

          
          
          <TextLine ID="eSc_line_e1aff075"
                    
                    BASELINE="129 3178 2291 3233" 
                    HPOS="122.0"
                    VPOS="3143.0"
                    WIDTH="2168.0"
                    HEIGHT="137.0">
            <Shape><Polygon POINTS="126 3176 122 3235 2279 3280 2290 3232 2290 3198 126 3143 126 3176"/></Shape>
	    <String CONTENT="קיריס אטימאר אה טודוש די אונה טו נו אסימיג&#39;אס אה ריי בשר ודם קי סי פיקה אונה סיב&#39;דאר קון איל אי"
                    HPOS="122.0"
                    VPOS="3143.0"
                    WIDTH="2168.0"
                    HEIGHT="137.0"></String>
          </TextLine>

          
          
          <TextLine ID="eSc_line_b020096f"
                    
                    BASELINE="137 3260 544 3256 2305 3304" 
                    HPOS="129.0"
                    VPOS="3213.0"
                    WIDTH="2172.0"
                    HEIGHT="134.0">
            <Shape><Polygon POINTS="133 3258 129 3310 2290 3347 2301 3302 2301 3265 133 3213 133 3258"/></Shape>
	    <String CONTENT="סי אראב&#39;ייא איל ריי אי מאטה בואינוס אי ניגרוס מחמת קי נו סאב&#39;י קין פיקו קון איל אי קין נו פיקו קון איל"
                    HPOS="129.0"
                    VPOS="3213.0"
                    WIDTH="2172.0"
                    HEIGHT="134.0"></String>
          </TextLine>

          
          
          <TextLine ID="eSc_line_387d2976"
                    
                    BASELINE="137 3319 2283 3367" 
                    HPOS="129.0"
                    VPOS="3284.0"
                    WIDTH="2150.0"
                    HEIGHT="133.0">
            <Shape><Polygon POINTS="133 3317 129 3365 2268 3417 2279 3365 2279 3324 133 3284 133 3317"/></Shape>
	    <String CONTENT="פירו טו קי סאב&#39;יס אי פיש&#39;קיריס לוס קוראשוניס די לה פרישונה אי סאב&#39;יס קין ריב&#39;ילייו קון טי אי קין נו"
                    HPOS="129.0"
                    VPOS="3284.0"
                    WIDTH="2150.0"
                    HEIGHT="133.0"></String>
          </TextLine>

          
          
          <TextLine ID="eSc_line_c96b2415"
                    
                    BASELINE="133 3389 2279 3430" 
                    HPOS="126"
                    VPOS="3358"
                    WIDTH="2149"
                    HEIGHT="129">
            <Shape><Polygon POINTS="129 3387 126 3436 2264 3487 2275 3428 2272 3391 129 3358 129 3387"/></Shape>
	    <String CONTENT="ריב&#39;ילייו אין טי אי שי און אומברי פיקה איס דיריג&#39;ו קי טי אראב&#39;ייס קון טודוס. אי מי דיש&#39;ו איל שי&quot;ת ביין"
                    HPOS="126"
                    VPOS="3358"
                    WIDTH="2149"
                    HEIGHT="129"></String>
          </TextLine>

          
          
          <TextLine ID="eSc_line_d76d0738"
                    
                    BASELINE="129 3452 2283 3504" 
                    HPOS="122.0"
                    VPOS="3417.0"
                    WIDTH="2157.0"
                    HEIGHT="137.0">
            <Shape><Polygon POINTS="126 3450 122 3510 2268 3554 2279 3502 2279 3465 126 3417 126 3450"/></Shape>
	    <String CONTENT="דיש&#39;יסטיס אגורה ארי סאב&#39;יר קין פיקו קון מי אי קין נו פיקו . אי קון טודו איסטו פ&#39;ואי אוטרה ויז פארה"
                    HPOS="122.0"
                    VPOS="3417.0"
                    WIDTH="2157.0"
                    HEIGHT="137.0"></String>
          </TextLine>

          
          
          <TextLine ID="eSc_line_ba32b2d8"
                    
                    BASELINE="137 3527 2283 3571" 
                    HPOS="129.0"
                    VPOS="3491.0"
                    WIDTH="2150.0"
                    HEIGHT="137.0">
            <Shape><Polygon POINTS="133 3525 129 3584 166 3584 203 3584 240 3584 278 3584 315 3588 352 3588 389 3588 426 3588 455 3588 481 3591 500 3591 537 3591 574 3591 596 3591 659 3595 685 3595 722 3595 737 3595 837 3599 871 3599 878 3599 1015 3602 1019 3602 1019 3602 2268 3628 2279 3569 2279 3525 133 3491 133 3525"/></Shape>
	    <String CONTENT="אזירליס התראה סיגון דיזי איל פסוק ויקם משה וילך אל דתן ואל אבירם. אי אאון קון טודו קי פ&#39;ואי ייו קון"
                    HPOS="129.0"
                    VPOS="3491.0"
                    WIDTH="2150.0"
                    HEIGHT="137.0"></String>
          </TextLine>

          
          
          <TextLine ID="eSc_line_b2c5985d"
                    
                    BASELINE="129 3590 2290 3642" 
                    HPOS="122.0"
                    VPOS="3554.0"
                    WIDTH="2165.0"
                    HEIGHT="137.0">
            <Shape><Polygon POINTS="126 3588 122 3636 2275 3691 2287 3639 2287 3606 126 3554 126 3588"/></Shape>
	    <String CONTENT="מיש פייש אה שוש טיינדאש פארה אזירליס התראה קי נו איסטוב&#39;ייראן אין שו פיזמה קי איל שי&quot;ת דיש&#39;ו קי לוש"
                    HPOS="122.0"
                    VPOS="3554.0"
                    WIDTH="2165.0"
                    HEIGHT="137.0"></String>
          </TextLine>

          
          
          <TextLine ID="eSc_line_a66a01ea"
                    
                    BASELINE="129 3660 2279 3705" 
                    HPOS="122.0"
                    VPOS="3628.0"
                    WIDTH="2153.0"
                    HEIGHT="134.0">
            <Shape><Polygon POINTS="126 3658 122 3706 2264 3762 2275 3702 2272 3673 126 3628 126 3658"/></Shape>
	    <String CONTENT="קיריאה אטימאר קון טודו איסטו נו סאליירון די לה טיינדה ני מי קיג&#39;ירון אואיר . קואנדו וידי די איסטי מודו"
                    HPOS="122.0"
                    VPOS="3628.0"
                    WIDTH="2153.0"
                    HEIGHT="134.0"></String>
          </TextLine>

          
          
          <TextLine ID="eSc_line_f2e44462"
                    
                    BASELINE="129 3727 2283 3775" 
                    HPOS="122.0"
                    VPOS="3691.0"
                    WIDTH="2157.0"
                    HEIGHT="137.0">
            <Shape><Polygon POINTS="126 3725 122 3769 2268 3828 2279 3773 2279 3740 126 3691 126 3725"/></Shape>
	    <String CONTENT="דיש&#39;י אשטה אישטי קאראר פודי אזיר אי סאלי אפ&#39;ואירה אי אפריגוני פור טודו ישראל קי סי אליש&#39;אראן די"
                    HPOS="122.0"
                    VPOS="3691.0"
                    WIDTH="2157.0"
                    HEIGHT="137.0"></String>
          </TextLine>

          
          
          <TextLine ID="eSc_line_36ab9cd0"
                    
                    BASELINE="129 3793 2283 3842" 
                    HPOS="122.0"
                    VPOS="3758.0"
                    WIDTH="2157.0"
                    HEIGHT="134.0">
            <Shape><Polygon POINTS="126 3791 122 3851 2268 3892 2279 3840 2279 3806 126 3758 126 3791"/></Shape>
	    <String CONTENT="לאס טיינדאס די איסטוס רשעים נו סיאה קי סי טאג&#39;ין פור איל פיקאדו די אילייוש טאמביין אי סי אב&#39;רייו"
                    HPOS="122.0"
                    VPOS="3758.0"
                    WIDTH="2157.0"
                    HEIGHT="134.0"></String>
          </TextLine>

          
          
          <TextLine ID="eSc_line_93073ee7"
                    
                    BASELINE="129 3864 2283 3912" 
                    HPOS="122.0"
                    VPOS="3828.0"
                    WIDTH="2157.0"
                    HEIGHT="138.0">
            <Shape><Polygon POINTS="126 3862 122 3917 2268 3966 2279 3910 2279 3866 126 3828 126 3862"/></Shape>
	    <String CONTENT="לה טיירה אי לוס אינגלוטייו אה טודוס אילייוס אי טאמביין אינפיסאסטיש&#39; אה פיליאר קואנדו פ&#39;ואירון לוס"
                    HPOS="122.0"
                    VPOS="3828.0"
                    WIDTH="2157.0"
                    HEIGHT="138.0"></String>
          </TextLine>

          
          
          <TextLine ID="eSc_line_a3012adc"
                    
                    BASELINE="133 3931 2290 3975" 
                    HPOS="126.0"
                    VPOS="3899.0"
                    WIDTH="2161.0"
                    HEIGHT="137.0">
            <Shape><Polygon POINTS="129 3929 126 3992 2275 4036 2287 3973 2287 3940 129 3899 129 3929"/></Shape>
	    <String CONTENT="דוזיינטוס אי סינקואינטה ב&#39;ארוניס קי איראן לוס גראנדיס דיישראל קי קיריאן לה כהונה אי ליס דיש&#39;י קי"
                    HPOS="126.0"
                    VPOS="3899.0"
                    WIDTH="2161.0"
                    HEIGHT="137.0"></String>
          </TextLine>

          
          
          <TextLine ID="eSc_line_7af6bee7"
                    
                    BASELINE="144 4005 2290 4046" 
                    HPOS="137.0"
                    VPOS="3958.0"
                    WIDTH="2150.0"
                    HEIGHT="200.0">
            <Shape><Polygon POINTS="140 4003 137 4081 203 4081 207 4081 326 4129 329 4129 333 4129 496 4088 526 4084 596 4092 715 4106 719 4106 815 4099 908 4092 956 4103 1108 4144 1112 4144 1115 4147 1186 4147 1186 4144 1189 4144 1193 4144 1193 4140 1226 4110 1226 4106 1234 4110 1315 4147 1319 4147 1323 4151 1427 4151 1427 4147 1430 4147 1434 4147 1479 4118 1501 4106 1831 4106 1871 4129 1927 4158 1931 4158 1934 4158 2279 4140 2287 4043 2283 4010 140 3958 140 4003"/></Shape>
	    <String CONTENT="אייגאראן קטורת אילייוס אי אהרן מי אירמאנו אי קין איסקוג&#39;ירה איל שי&quot;ת אקיל איס איל סאנטו אי איל קי"
                    HPOS="137.0"
                    VPOS="3958.0"
                    WIDTH="2150.0"
                    HEIGHT="200.0"></String>
          </TextLine>

          
        </TextBlock>
        

        
      </PrintSpace>
    </Page>
  </Layout>
</alto>
