<?xml version="1.0" encoding="UTF-8"?>
<alto xmlns:xsi="http://www.w3.org/2001/XMLSchema-instance"
      xmlns="http://www.loc.gov/standards/alto/ns-v4#"
      xsi:schemaLocation="http://www.loc.gov/standards/alto/ns-v4# http://www.loc.gov/standards/alto/v4/alto-4-2.xsd">
  <Description>
    <MeasurementUnit>pixel</MeasurementUnit>
    <sourceImageInformation>
      <fileName>Meam Loez Devarim Kushtandina 1773_23.jpg</fileName>
      
    </sourceImageInformation>
  </Description>
  
  <Layout>
    <Page WIDTH="2680"
          HEIGHT="4368"
          PHYSICAL_IMG_NR="22"
          ID="eSc_dummypage_">
      <PrintSpace HPOS="0"
                  VPOS="0"
                  WIDTH="2680"
                  HEIGHT="4368">
        
        <TextBlock HPOS="87.0"
                   VPOS="145.0"
                   WIDTH="2516.0"
                   HEIGHT="3913.0"
                   ID="eSc_textblock_5e4ee04a"
                   >
          <Shape><Polygon POINTS="582 4058 407 3985 393 3538 160 3519 174 3450 393 3447 393 3159 131 3141 87 3072 145 3039 101 2995 116 2810 407 2777 407 2184 174 2165 160 2111 404 2096 422 1965 404 1918 160 1903 145 1747 404 1630 422 1499 480 1485 1369 1481 422 1437 436 422 189 418 174 364 418 349 466 145 2603 174 2559 4029 830 4014 582 4058"/></Shape>
          
          
          <TextLine ID="eSc_line_7873acdc"
                    
                    BASELINE="451 161 2596 190" 
                    HPOS="444.0"
                    VPOS="127.0"
                    WIDTH="2148.0"
                    HEIGHT="120.0">
            <Shape><Polygon POINTS="2556 171 2519 171 2483 171 2446 171 2410 171 2374 171 2337 171 2301 167 2264 167 2228 167 2192 167 2155 167 2119 167 2082 167 2046 163 2010 163 1973 163 1937 163 1900 163 1864 163 1827 163 1791 160 1755 160 1718 160 1682 160 1645 160 1609 160 1573 160 1536 160 1500 156 1463 156 1427 156 1390 156 1354 156 1318 156 1281 156 1245 152 1208 152 1172 152 1136 152 1099 152 1063 152 1026 152 990 149 954 149 917 149 881 149 844 149 808 149 771 149 735 149 699 145 662 145 626 145 589 145 553 145 517 145 480 145 473 127 447 127 447 160 444 218 1511 232 1536 232 1573 232 1609 232 1645 232 1682 232 1718 232 1755 232 1791 232 1827 232 1864 232 1900 232 1937 236 1973 236 2010 236 2046 236 2082 240 2119 240 2155 240 2170 240 2581 247 2592 189 2578 171 2556 171"/></Shape>
	    <String CONTENT="פודיר די מדין אי איסטוב&#39;יירון סייטי אנייוס דיבאש&#39;ו די איל אי איסטאב&#39;אן ישראל אין מונג&#39;ו צער אי"
                    HPOS="444.0"
                    VPOS="127.0"
                    WIDTH="2148.0"
                    HEIGHT="120.0"></String>
          </TextLine>

          
          
          <TextLine ID="eSc_line_e7ed4830"
                    
                    BASELINE="451 238 1791 238 2588 259" 
                    HPOS="444.0"
                    VPOS="196.0"
                    WIDTH="2141.0"
                    HEIGHT="113.0">
            <Shape><Polygon POINTS="447 218 447 236 444 294 1507 302 1536 302 1573 302 1609 302 1645 302 1682 302 1718 302 1755 302 1791 302 1827 302 1864 302 1900 302 1937 302 1966 302 2039 305 2046 305 2082 305 2082 305 2574 309 2585 258 2581 218 458 196 447 218"/></Shape>
	    <String CONTENT="אליב&#39;אנטארון ישראל אה סוס אוז&#39;וס אי איסקלאמארון אל שי&quot;ת אי סי לי אפאריסייו און מלאך די איל שי&quot;ת"
                    HPOS="444.0"
                    VPOS="196.0"
                    WIDTH="2141.0"
                    HEIGHT="113.0"></String>
          </TextLine>

          
          
          <TextLine ID="eSc_line_f776a3d8"
                    
                    BASELINE="455 307 1787 307 2599 325" 
                    HPOS="447.0"
                    VPOS="276.0"
                    WIDTH="2149.0"
                    HEIGHT="102.0">
            <Shape><Polygon POINTS="451 305 447 360 484 360 520 360 557 360 593 360 629 360 666 360 702 360 739 360 775 360 804 360 870 363 884 363 921 363 957 363 994 363 1030 363 1066 363 1103 363 1139 363 1161 363 1299 367 1321 367 1358 367 1394 367 1431 367 1467 367 1503 367 1522 367 1725 371 1758 371 1795 371 1831 371 1867 371 1878 371 2155 374 2159 374 2195 374 2195 374 2585 378 2596 323 2592 283 451 276 451 305"/></Shape>
	    <String CONTENT="אה גדעון איסטאנדו איניל קאמפו סאקודיינדו איל טריגו קי טיניאה איניל קאמפו איספאנטאנדוסי נו וינייראן"
                    HPOS="447.0"
                    VPOS="276.0"
                    WIDTH="2149.0"
                    HEIGHT="102.0"></String>
          </TextLine>

          
          
          <TextLine ID="eSc_line_359f5b5b"
                    
                    BASELINE="453 364 2592 387" 
                    HPOS="447.0"
                    VPOS="331.0"
                    WIDTH="2141.0"
                    HEIGHT="116.0">
            <Shape><Polygon POINTS="451 363 447 425 1864 440 1867 440 1867 440 2578 447 2588 385 2585 356 451 331 451 363"/></Shape>
	    <String CONTENT="די איל ריאל די מדין אי סי לו טומאראן די איל קאמפו. אי לי דיש&#39;ו איל מלאך *איל דייו איסטה קון טיגו"
                    HPOS="447.0"
                    VPOS="331.0"
                    WIDTH="2141.0"
                    HEIGHT="116.0"></String>
          </TextLine>

          
          
          <TextLine ID="eSc_line_56b73cd5"
                    
                    BASELINE="455 434 2592 456" 
                    HPOS="447.0"
                    VPOS="404.0"
                    WIDTH="2141.0"
                    HEIGHT="112.0">
            <Shape><Polygon POINTS="451 433 447 484 1627 502 1649 502 1685 502 1722 502 1758 502 1795 502 1831 502 1867 502 1904 502 1940 505 1977 505 2013 505 2050 505 2082 505 2101 509 2122 509 2159 509 2195 509 2210 509 2578 516 2588 454 2585 425 451 404 451 433"/></Shape>
	    <String CONTENT="סיינדו טייניס איסטי קאראר די פ&#39;ואירסה פארה סאקודיר טו סולו איסטי שיעור די טריגו  . אי לי ריספונדייו"
                    HPOS="447.0"
                    VPOS="404.0"
                    WIDTH="2141.0"
                    HEIGHT="112.0"></String>
          </TextLine>

          
          
          <TextLine ID="eSc_line_149aeff6"
                    
                    BASELINE="455 503 1944 511 2599 529" 
                    HPOS="447.0"
                    VPOS="473.0"
                    WIDTH="2149.0"
                    HEIGHT="109.0">
            <Shape><Polygon POINTS="451 502 447 549 2585 582 2596 527 2596 491 451 473 451 502"/></Shape>
	    <String CONTENT="גדעון אי לי דיש&#39;ו אה איל מלאך סי איל דייו איסטאב&#39;ה קון מוזוטרוס פורקי מוס טיניאה קי אלקאנסאר טודו"
                    HPOS="447.0"
                    VPOS="473.0"
                    WIDTH="2149.0"
                    HEIGHT="109.0"></String>
          </TextLine>

          
          
          <TextLine ID="eSc_line_386b5d05"
                    
                    BASELINE="455 569 2592 594" 
                    HPOS="447.0"
                    VPOS="535.0"
                    WIDTH="2141.0"
                    HEIGHT="116.0">
            <Shape><Polygon POINTS="451 567 447 615 1722 637 1758 637 1795 637 1831 637 1867 637 1904 637 1940 640 1977 640 2013 640 2050 640 2071 640 2148 644 2159 644 2159 644 2578 651 2588 593 2585 560 451 535 451 567"/></Shape>
	    <String CONTENT="איסטי מאל קון איל ריי די מדין אי אקיל דיאה אירה פסח אי לי דיש&#39;ו אה איל מלאך אנוג&#39;י איסטב&#39;ה מילדאנדו"
                    HPOS="447.0"
                    VPOS="535.0"
                    WIDTH="2141.0"
                    HEIGHT="116.0"></String>
          </TextLine>

          
          
          <TextLine ID="eSc_line_695b75d2"
                    
                    BASELINE="451 638 1929 645 2596 663" 
                    HPOS="444.0"
                    VPOS="593.0"
                    WIDTH="2148.0"
                    HEIGHT="124.0">
            <Shape><Polygon POINTS="447 637 444 684 2581 717 2592 662 2592 626 447 593 447 637"/></Shape>
	    <String CONTENT="מי פאדרי איל הלל אי איסטאב&#39;ה דיזיינדו בצאת ישראל ממצרים אי מוס איסטאב&#39;ה קונטאנדו לאס מאראב&#39;יל"
                    HPOS="444.0"
                    VPOS="593.0"
                    WIDTH="2148.0"
                    HEIGHT="124.0"></String>
          </TextLine>

          
          
          <TextLine ID="eSc_line_4df202de"
                    
                    BASELINE="451 707 2599 725" 
                    HPOS="444.0"
                    VPOS="662.0"
                    WIDTH="2152.0"
                    HEIGHT="120.0">
            <Shape><Polygon POINTS="447 706 444 764 2585 782 2596 724 2592 695 447 662 447 706"/></Shape>
	    <String CONTENT="ייאס קי מוס איזו איל שי&quot;ת קואנדו סאלימוס די מצרים קי מאטו אה לוס בכורות אי מוס קיטו קון טאנטה"
                    HPOS="444.0"
                    VPOS="662.0"
                    WIDTH="2152.0"
                    HEIGHT="120.0"></String>
          </TextLine>

          
          
          <TextLine ID="eSc_line_4fa39c2b"
                    
                    BASELINE="455 773 2588 794" 
                    HPOS="447.0"
                    VPOS="738.0"
                    WIDTH="2138.0"
                    HEIGHT="110.0">
            <Shape><Polygon POINTS="451 771 447 826 1507 837 1540 837 1576 837 1583 837 2574 848 2585 793 2581 757 451 738 451 771"/></Shape>
	    <String CONTENT="אליגריאה אי מוס ראזגו לה מאר אי אגורה מוס דיש&#39;ו איל דייו אי מוס אינטריגו אין פודיר די מדין שי"
                    HPOS="447.0"
                    VPOS="738.0"
                    WIDTH="2138.0"
                    HEIGHT="110.0"></String>
          </TextLine>

          
          
          <TextLine ID="eSc_line_a3f8567b"
                    
                    BASELINE="447 845 1420 842 2592 864" 
                    HPOS="440.0"
                    VPOS="800.0"
                    WIDTH="2148.0"
                    HEIGHT="117.0">
            <Shape><Polygon POINTS="444 844 440 899 2578 917 2588 862 2585 826 444 800 444 844"/></Shape>
	    <String CONTENT="מואיסטרוס פאדריס איראן בואינוס אי פור איסטו לוס ריגמייו איל שי&quot;ת די מצרים קי אגה אגורה טאמביין"
                    HPOS="440.0"
                    VPOS="800.0"
                    WIDTH="2148.0"
                    HEIGHT="117.0"></String>
          </TextLine>

          
          
          <TextLine ID="eSc_line_253a1d6c"
                    
                    BASELINE="451 907 2596 929" 
                    HPOS="444.0"
                    VPOS="873.0"
                    WIDTH="2148.0"
                    HEIGHT="113.0">
            <Shape><Polygon POINTS="447 906 444 964 2581 986 2592 928 2588 895 447 873 447 906"/></Shape>
	    <String CONTENT="איל שי&quot;ת פור זכות די מואיסטרוס פאדריס קי איראן בואינוס אי מוס סאלב&#39;י די פודיר די מדין אי סי"
                    HPOS="444.0"
                    VPOS="873.0"
                    WIDTH="2148.0"
                    HEIGHT="113.0"></String>
          </TextLine>

          
          
          <TextLine ID="eSc_line_c9d4253e"
                    
                    BASELINE="455 973 2592 1002" 
                    HPOS="447.0"
                    VPOS="939.0"
                    WIDTH="2141.0"
                    HEIGHT="120.0">
            <Shape><Polygon POINTS="451 971 447 1026 2101 1051 2122 1051 2159 1051 2195 1051 2210 1051 2337 1055 2341 1055 2377 1055 2414 1055 2450 1055 2487 1055 2523 1055 2559 1055 2559 1055 2578 1059 2588 1000 2585 968 451 939 451 971"/></Shape>
	    <String CONTENT="מואיסטרוס פאדריס איראן מאלוס אי קון טודו איסטו לוס ריגמייו פור סוס פיאדאדיס לאס גראנדיס אל מודו"
                    HPOS="447.0"
                    VPOS="939.0"
                    WIDTH="2141.0"
                    HEIGHT="120.0"></String>
          </TextLine>

          
          
          <TextLine ID="eSc_line_89030ff4"
                    
                    BASELINE="444 1042 2585 1064" 
                    HPOS="436.0"
                    VPOS="1004.0"
                    WIDTH="2145.0"
                    HEIGHT="120.0">
            <Shape><Polygon POINTS="440 1041 436 1088 2570 1124 2581 1062 2581 1030 440 1004 440 1041"/></Shape>
	    <String CONTENT="קי אה אילייוס ליס איזו מאראב&#39;ילייאס אי לוס ריגמייו די מצרים סין מיריסירלו אוטרו טאנטו  קי אגה"
                    HPOS="436.0"
                    VPOS="1004.0"
                    WIDTH="2145.0"
                    HEIGHT="120.0"></String>
          </TextLine>

          
          
          <TextLine ID="eSc_line_848c94a3"
                    
                    BASELINE="444 1111 2578 1133" 
                    HPOS="436.0"
                    VPOS="1081.0"
                    WIDTH="2138.0"
                    HEIGHT="109.0">
            <Shape><Polygon POINTS="440 1110 436 1157 2563 1190 2574 1132 2570 1102 440 1081 440 1110"/></Shape>
	    <String CONTENT="מאראב&#39;ילייאס איל שי&quot;ת קון מוזוטרוס אאון קי נו לו מיריסימוס אי קי מוס ריגמה די פודיר די מדין. אקיאה"
                    HPOS="436.0"
                    VPOS="1081.0"
                    WIDTH="2138.0"
                    HEIGHT="109.0"></String>
          </TextLine>

          
          
          <TextLine ID="eSc_line_abfdbfc1"
                    
                    BASELINE="445 1175 2584 1201" 
                    HPOS="440.0"
                    VPOS="1135.0"
                    WIDTH="2141.0"
                    HEIGHT="124.0">
            <Shape><Polygon POINTS="444 1172 440 1233 1350 1244 1387 1244 1423 1244 1460 1244 1496 1244 1532 1244 1554 1244 1653 1248 1678 1248 1715 1248 1751 1248 1787 1248 1824 1248 1860 1248 1897 1248 1933 1248 1969 1248 2006 1248 2042 1248 2079 1248 2115 1248 2152 1252 2188 1252 2217 1252 2264 1255 2297 1255 2301 1255 2570 1259 2581 1197 2578 1164 444 1135 444 1172"/></Shape>
	    <String CONTENT="אורה דיש&#39;ו איל שי&quot;ת ראזון איס קי ייו פרופייו מי דיסקוב&#39;רה אי אב&#39;לי קון איל אי אב&#39;לו איל שי&quot;ת קון"
                    HPOS="440.0"
                    VPOS="1135.0"
                    WIDTH="2141.0"
                    HEIGHT="124.0"></String>
          </TextLine>

          
          
          <TextLine ID="eSc_line_a3490554"
                    
                    BASELINE="436 1246 2130 1257 2588 1275" 
                    HPOS="429.0"
                    VPOS="1215.0"
                    WIDTH="2156.0"
                    HEIGHT="106.0">
            <Shape><Polygon POINTS="433 1244 429 1292 2574 1321 2585 1274 2581 1233 433 1215 433 1244"/></Shape>
	    <String CONTENT="גדעון איל פרופייו אי לי דיש&#39;ו ב&#39;א קון לה פואירסה די איסטי זכות קי איזיסטיס די אב&#39;לאר ביין פור מיס"
                    HPOS="429.0"
                    VPOS="1215.0"
                    WIDTH="2156.0"
                    HEIGHT="106.0"></String>
          </TextLine>

          
          
          <TextLine ID="eSc_line_c5576c4e"
                    
                    BASELINE="440 1308 2588 1333" 
                    HPOS="433.0"
                    VPOS="1277.0"
                    WIDTH="2152.0"
                    HEIGHT="106.0">
            <Shape><Polygon POINTS="436 1306 433 1357 2574 1383 2585 1332 2585 1303 436 1277 436 1306"/></Shape>
	    <String CONTENT="איז&#39;וס ב&#39;א טו פרופייו אי סאלב&#39;אראס אה מיס איז&#39;וס די פודיר די מדין. אי סי אליב&#39;אנטו איל אי פ&#39;ואי אי"
                    HPOS="433.0"
                    VPOS="1277.0"
                    WIDTH="2152.0"
                    HEIGHT="106.0"></String>
          </TextLine>

          
          
          <TextLine ID="eSc_line_9f80d98a"
                    
                    BASELINE="433 1384 2588 1406" 
                    HPOS="426.0"
                    VPOS="1346.0"
                    WIDTH="2159.0"
                    HEIGHT="113.0">
            <Shape><Polygon POINTS="429 1383 426 1426 2574 1459 2585 1405 2581 1357 429 1346 429 1383"/></Shape>
	    <String CONTENT="לוס סאלב&#39;ו די פודיר די מדין סיגון סי אב&#39;יזארה די לארגו בעזרת האל יתברך אין ספר שופטים קאפיטולו 6:"
                    HPOS="426.0"
                    VPOS="1346.0"
                    WIDTH="2159.0"
                    HEIGHT="113.0"></String>
          </TextLine>

          
          
          <TextLine ID="eSc_line_0fe3600e"
                    
                    BASELINE="433 1508 2578 1541" 
                    HPOS="426.0"
                    VPOS="1481.0"
                    WIDTH="2148.0"
                    HEIGHT="116.0">
            <Shape><Polygon POINTS="903 1481 866 1481 830 1481 793 1481 757 1481 720 1481 684 1481 648 1481 611 1481 575 1481 538 1481 502 1481 466 1485 429 1496 429 1506 426 1568 1609 1587 1627 1587 1627 1587 1849 1590 1882 1590 1918 1590 1955 1590 1991 1590 2028 1590 2064 1590 2101 1594 2137 1594 2173 1594 2210 1594 2246 1594 2283 1594 2319 1594 2355 1594 2392 1594 2428 1594 2465 1594 2501 1597 2537 1597 2563 1597 2574 1539 2574 1506 903 1481 903 1481"/></Shape>
	    <String CONTENT="לו קי נוטאמוס די טודו איסטו קי אב&#39;יזימוש איש קי טודו אומברי קי אב&#39;לה פ&#39;יאלדאד פור ישראל איל שי&quot;ת"
                    HPOS="426.0"
                    VPOS="1481.0"
                    WIDTH="2148.0"
                    HEIGHT="116.0"></String>
          </TextLine>

          
          
          <TextLine ID="eSc_line_c5b1331d"
                    
                    BASELINE="429 1584 2483 1603" 
                    HPOS="422.0"
                    VPOS="1550.0"
                    WIDTH="2057.0"
                    HEIGHT="98.0">
            <Shape><Polygon POINTS="426 1583 422 1630 2468 1648 2479 1601 2476 1565 426 1550 426 1583"/></Shape>
	    <String CONTENT="לו אפינה אי פור אישטו שי אישפאנטאב&#39;ה משה רבינו אי דיזיאה קומו מי מיטירי אה קאשטיגארלוס"
                    HPOS="422.0"
                    VPOS="1550.0"
                    WIDTH="2057.0"
                    HEIGHT="98.0"></String>
          </TextLine>

          
          
          <TextLine ID="eSc_line_21ae8db5"
                    
                    BASELINE="436 1646 2581 1664" 
                    HPOS="429.0"
                    VPOS="1608.0"
                    WIDTH="2149.0"
                    HEIGHT="117.0">
            <Shape><Polygon POINTS="433 1645 429 1696 2567 1725 2578 1663 2578 1637 433 1608 433 1645"/></Shape>
	    <String CONTENT="נו שיאה קי טוקי קון אלגונה פאלאב&#39;רה אין כבוד די אילייוס אי מי אפינארה איל דייו אוטרה וי ז. *אי לי"
                    HPOS="429.0"
                    VPOS="1608.0"
                    WIDTH="2149.0"
                    HEIGHT="117.0"></String>
          </TextLine>

          
          
          <TextLine ID="eSc_line_8f25a98a"
                    
                    BASELINE="415 1720 2585 1734" 
                    HPOS="407.0"
                    VPOS="1688.0"
                    WIDTH="2174.0"
                    HEIGHT="102.0">
            <Shape><Polygon POINTS="411 1718 407 1776 2570 1790 2581 1732 2578 1703 411 1688 411 1718"/></Shape>
	    <String CONTENT="דיש&#39;ו איל שי&quot;ת ב&#39;א קאשטיגאלוש אי נו טי אישפאנטיש אי פור אב&#39;יזו די אישטו דיזי איל פסוק *דבר משה אל"
                    HPOS="407.0"
                    VPOS="1688.0"
                    WIDTH="2174.0"
                    HEIGHT="102.0"></String>
          </TextLine>

          
          
          <TextLine ID="eSc_line_1b9831cd"
                    
                    BASELINE="434 1786 2578 1806" 
                    HPOS="429.0"
                    VPOS="1739.0"
                    WIDTH="2145.0"
                    HEIGHT="121.0">
            <Shape><Polygon POINTS="433 1783 429 1830 2086 1856 2104 1856 2141 1856 2148 1856 2323 1860 2359 1860 2395 1860 2432 1860 2468 1860 2505 1860 2541 1860 2563 1860 2574 1805 2570 1772 433 1739 433 1783"/></Shape>
	    <String CONTENT="בני ישראל בכל אשר צוה ה&#39; קיריינדו דיזיר נו אינטינדאש&#39; קי אישטוש קאשטיגירייוש קי ואמוש אה קונטאר קי"
                    HPOS="429.0"
                    VPOS="1739.0"
                    WIDTH="2145.0"
                    HEIGHT="121.0"></String>
          </TextLine>

          
          
          <TextLine ID="eSc_line_b937c4f5"
                    
                    BASELINE="433 1852 2578 1868" 
                    HPOS="426.0"
                    VPOS="1816.0"
                    WIDTH="2148.0"
                    HEIGHT="113.0">
            <Shape><Polygon POINTS="429 1849 426 1896 2563 1929 2574 1867 2570 1838 429 1816 429 1849"/></Shape>
	    <String CONTENT="קאשטיגו משה אה ישראל פ&#39;ואי שין לישינשייא דיל שי&quot;ת שי נו איל שי&quot;ת לי אינקומינדו קי לוש קא שטיגארה. *אי"
                    HPOS="426.0"
                    VPOS="1816.0"
                    WIDTH="2148.0"
                    HEIGHT="113.0"></String>
          </TextLine>

          
          
          <TextLine ID="eSc_line_a8efad7f"
                    
                    BASELINE="426 1912 2581 1941" 
                    HPOS="418.0"
                    VPOS="1881.0"
                    WIDTH="2160.0"
                    HEIGHT="117.0">
            <Shape><Polygon POINTS="422 1910 418 1969 1758 1987 1766 1987 1802 1987 1838 1987 1849 1987 2028 1991 2057 1991 2093 1991 2130 1991 2166 1991 2202 1991 2228 1991 2297 1994 2312 1994 2348 1994 2385 1994 2421 1994 2457 1994 2494 1994 2530 1994 2567 1998 2578 1940 2578 1907 422 1881 422 1910"/></Shape>
	    <String CONTENT="דיש&#39;ו איל שי&quot;ת קירידאש שון שוב&#39;רי מי לאש פאלאב&#39;ראש די משה קי קאשטיגו אה ישראל קוא נטו טודאש לאש"
                    HPOS="418.0"
                    VPOS="1881.0"
                    WIDTH="2160.0"
                    HEIGHT="117.0"></String>
          </TextLine>

          
          
          <TextLine ID="eSc_line_6e05ea0c"
                    
                    BASELINE="433 1981 2570 2003" 
                    HPOS="426.0"
                    VPOS="1951.0"
                    WIDTH="2141.0"
                    HEIGHT="112.0">
            <Shape><Polygon POINTS="429 1980 426 2042 462 2042 498 2042 535 2042 571 2042 608 2042 644 2042 680 2042 710 2042 775 2045 790 2045 826 2045 862 2045 899 2045 935 2045 950 2045 1132 2049 1154 2049 1190 2049 1227 2049 1234 2049 2556 2063 2567 2001 2563 1972 429 1951 429 1980"/></Shape>
	    <String CONTENT="מצות קי ב&#39;וס די אה ב&#39;וזוטרוש אי פור אב&#39;יזו די אישטו דיזי איל פסוק איניל קאב&#39;ו די לה פרשה די מסעי"
                    HPOS="426.0"
                    VPOS="1951.0"
                    WIDTH="2141.0"
                    HEIGHT="112.0"></String>
          </TextLine>

          
          
          <TextLine ID="eSc_line_9e59bf19"
                    
                    BASELINE="426 2047 2581 2076" 
                    HPOS="418.0"
                    VPOS="2016.0"
                    WIDTH="2160.0"
                    HEIGHT="113.0">
            <Shape><Polygon POINTS="422 2045 418 2103 2567 2129 2578 2074 2578 2042 422 2016 422 2045"/></Shape>
	    <String CONTENT="אלה המצות והמשפטים אי דיטראש אינפישו אלה הדברים פארה דיזירמוש אישטוש קאשטי גירייוש קי ב&#39;וס"
                    HPOS="418.0"
                    VPOS="2016.0"
                    WIDTH="2160.0"
                    HEIGHT="113.0"></String>
          </TextLine>

          
          
          <TextLine ID="eSc_line_1833384f"
                    
                    BASELINE="429 2115 2578 2141" 
                    HPOS="422.0"
                    VPOS="2085.0"
                    WIDTH="2152.0"
                    HEIGHT="113.0">
            <Shape><Polygon POINTS="426 2114 422 2165 2563 2198 2574 2140 2570 2103 426 2085 426 2114"/></Shape>
	    <String CONTENT="קאשטיגו משה שון קירידוש שוב&#39;רי מי קואנטו אישטאש מצות אי משפטים . *אי אישטו איש משל אה און תלמיד"
                    HPOS="422.0"
                    VPOS="2085.0"
                    WIDTH="2152.0"
                    HEIGHT="113.0"></String>
          </TextLine>

          
          
          <TextLine ID="eSc_line_ee0648d7"
                    
                    BASELINE="422 2181 2574 2210" 
                    HPOS="415.0"
                    VPOS="2140.0"
                    WIDTH="2155.0"
                    HEIGHT="131.0">
            <Shape><Polygon POINTS="418 2180 415 2242 451 2242 487 2242 524 2242 560 2242 597 2242 633 2242 666 2242 677 2245 706 2245 742 2245 779 2245 815 2245 852 2245 888 2245 917 2245 946 2249 961 2249 997 2249 1034 2249 1070 2249 1106 2249 1128 2249 1216 2253 1252 2253 1289 2253 1325 2253 1361 2253 1383 2253 1485 2256 1507 2256 1543 2256 1580 2256 1594 2256 1751 2260 1762 2260 1798 2260 1835 2260 1846 2260 2020 2264 2053 2264 2090 2264 2097 2264 2290 2267 2308 2267 2308 2267 2559 2271 2570 2209 2570 2176 418 2140 418 2180"/></Shape>
	    <String CONTENT="קי אישטאב&#39;ה קאמינאנדו דיטראש די שו חכם אי אב&#39;יאה אין באש&#39;ו אונה בראזה אי שי לי אשימיז&#39;ו אה איל"
                    HPOS="415.0"
                    VPOS="2140.0"
                    WIDTH="2155.0"
                    HEIGHT="131.0"></String>
          </TextLine>

          
          
          <TextLine ID="eSc_line_67f94883"
                    
                    BASELINE="422 2247 2578 2280" 
                    HPOS="415.0"
                    VPOS="2216.0"
                    WIDTH="2159.0"
                    HEIGHT="113.0">
            <Shape><Polygon POINTS="418 2245 415 2307 447 2307 451 2307 487 2307 524 2307 560 2307 597 2307 633 2307 670 2307 699 2307 768 2311 779 2311 815 2311 852 2311 888 2311 924 2311 939 2311 1128 2315 1143 2315 1179 2315 1216 2315 1223 2315 2563 2329 2574 2278 2570 2249 418 2216 418 2245"/></Shape>
	    <String CONTENT="תלמיד קי אירה אונה ג&#39;ולייא קי רילומבראב&#39;ה. שיאבוקו פארה טומארלה אי שי קימו לה מאנו. דישפואיש"
                    HPOS="415.0"
                    VPOS="2216.0"
                    WIDTH="2159.0"
                    HEIGHT="113.0"></String>
          </TextLine>

          
          
          <TextLine ID="eSc_line_5f0c70e3"
                    
                    BASELINE="426 2312 2578 2341" 
                    HPOS="418.0"
                    VPOS="2285.0"
                    WIDTH="2156.0"
                    HEIGHT="117.0">
            <Shape><Polygon POINTS="422 2311 418 2366 1977 2395 1984 2395 2020 2395 2028 2395 2170 2398 2202 2398 2239 2398 2275 2398 2297 2398 2366 2402 2385 2402 2421 2402 2457 2402 2494 2402 2530 2402 2563 2402 2574 2340 2574 2304 422 2285 422 2311"/></Shape>
	    <String CONTENT="די דיאש איב&#39;ה אוטרה ויז קאמינאנדו קון שו חכם אי אב&#39;יאה אין באש&#39;ו אונה ג&#39;ולייא אי שי אישפאנטאב&#39;ה די"
                    HPOS="418.0"
                    VPOS="2285.0"
                    WIDTH="2156.0"
                    HEIGHT="117.0"></String>
          </TextLine>

          
          
          <TextLine ID="eSc_line_262a68cf"
                    
                    BASELINE="422 2381 2574 2411" 
                    HPOS="415.0"
                    VPOS="2355.0"
                    WIDTH="2155.0"
                    HEIGHT="116.0">
            <Shape><Polygon POINTS="418 2380 415 2431 2559 2471 2570 2409 2567 2384 418 2355 418 2380"/></Shape>
	    <String CONTENT="אבוקארשי אה טומארלה אינטינדיינדו נו פ&#39;ואירה בראזה אי שי קימאב&#39;ה אוטרה ויז לה מאנ ו. לו וידו שו חכם"
                    HPOS="415.0"
                    VPOS="2355.0"
                    WIDTH="2155.0"
                    HEIGHT="116.0"></String>
          </TextLine>

          
          
          <TextLine ID="eSc_line_31020ef1"
                    
                    BASELINE="426 2447 2574 2480" 
                    HPOS="418.0"
                    VPOS="2409.0"
                    WIDTH="2152.0"
                    HEIGHT="124.0">
            <Shape><Polygon POINTS="422 2446 418 2500 2559 2533 2570 2478 2567 2442 422 2409 422 2446"/></Shape>
	    <String CONTENT="קי שי אישפאנטאב&#39;ה די טומארלה לי דיש&#39;ו קי נו שי אישפאנטארה אי קי לה טומארה קי א ישטו אירה ג&#39;ולייא"
                    HPOS="418.0"
                    VPOS="2409.0"
                    WIDTH="2152.0"
                    HEIGHT="124.0"></String>
          </TextLine>

          
          
          <TextLine ID="eSc_line_f45c0ad9"
                    
                    BASELINE="426 2513 2574 2549" 
                    HPOS="418.0"
                    VPOS="2486.0"
                    WIDTH="2152.0"
                    HEIGHT="112.0">
            <Shape><Polygon POINTS="422 2511 418 2566 2559 2598 2570 2548 2567 2511 422 2486 422 2511"/></Shape>
	    <String CONTENT="לו מיזמו איש אישטו קי שי אישפאנטאב&#39;ה משה רבינו די קאשטיגארלוש נו שיאה קי שי אפ ינארה דיל מודו קי"
                    HPOS="418.0"
                    VPOS="2486.0"
                    WIDTH="2152.0"
                    HEIGHT="112.0"></String>
          </TextLine>

          
          
          <TextLine ID="eSc_line_0452f93d"
                    
                    BASELINE="426 2582 2570 2614" 
                    HPOS="418.0"
                    VPOS="2555.0"
                    WIDTH="2149.0"
                    HEIGHT="116.0">
            <Shape><Polygon POINTS="422 2580 418 2635 2556 2671 2567 2613 2563 2577 422 2555 422 2580"/></Shape>
	    <String CONTENT="שי אפינו קואנדו לוש קאשטיגו פור לו קי דימאנדארון אגואש קי ליש קיטארה די לה פינייא אי ליש דיש&#39;ו שמעו"
                    HPOS="418.0"
                    VPOS="2555.0"
                    WIDTH="2149.0"
                    HEIGHT="116.0"></String>
          </TextLine>

          
          
          <TextLine ID="eSc_line_3344b446"
                    
                    BASELINE="422 2647 2574 2684" 
                    HPOS="415.0"
                    VPOS="2613.0"
                    WIDTH="2155.0"
                    HEIGHT="124.0">
            <Shape><Polygon POINTS="418 2646 415 2700 2559 2737 2570 2682 2570 2646 418 2613 418 2646"/></Shape>
	    <String CONTENT="נא המורים אי לו אפינו איל שי&quot;ת פור דיטה אב&#39;לה אי לי אשיטינשייו קי נו טיניאה די אינטר אר אה ארץ ישראל"
                    HPOS="415.0"
                    VPOS="2613.0"
                    WIDTH="2155.0"
                    HEIGHT="124.0"></String>
          </TextLine>

          
          
          <TextLine ID="eSc_line_2e5923fb"
                    
                    BASELINE="422 2724 2574 2753" 
                    HPOS="415.0"
                    VPOS="2689.0"
                    WIDTH="2155.0"
                    HEIGHT="117.0">
            <Shape><Polygon POINTS="418 2722 415 2773 2559 2806 2570 2751 2570 2719 418 2689 418 2722"/></Shape>
	    <String CONTENT="אגורה שי אישפאנטאב&#39;ה משה די קאשטיגארלוש נו שי אפינארה קון אלגונה אב&#39;לה קי אב&#39; לאב&#39;ה אי טוקארה"
                    HPOS="415.0"
                    VPOS="2689.0"
                    WIDTH="2155.0"
                    HEIGHT="117.0"></String>
          </TextLine>

          
          
          <TextLine ID="eSc_line_d9562561"
                    
                    BASELINE="753 2796 2319 2818" 
                    HPOS="746"
                    VPOS="2762"
                    WIDTH="1569"
                    HEIGHT="109">
            <Shape><Polygon POINTS="750 2795 746 2842 782 2842 819 2842 855 2842 892 2842 928 2846 964 2846 1001 2846 1037 2846 1074 2850 1110 2850 1147 2850 1183 2850 1219 2850 1256 2853 1292 2853 1329 2853 1365 2853 1398 2853 1409 2857 1438 2857 1474 2857 1511 2857 1547 2857 1573 2857 1634 2861 1656 2861 1693 2861 1704 2861 1857 2864 1875 2864 1875 2864 2304 2871 2315 2817 2312 2780 750 2762 750 2795"/></Shape>
	    <String CONTENT="אין כבוד די ישראל. לי דיש&#39;ו איל שי&quot;ת ב&#39;א קאשטיגאלוש אי נו טי אישפאנטיש:"
                    HPOS="746"
                    VPOS="2762"
                    WIDTH="1569"
                    HEIGHT="109"></String>
          </TextLine>

          
          
          <TextLine ID="eSc_line_d5cbcacb"
                    
                    BASELINE="422 2840 2556 2887" 
                    HPOS="415.0"
                    VPOS="2813.0"
                    WIDTH="2137.0"
                    HEIGHT="142.0">
            <Shape><Polygon POINTS="418 2839 415 2908 447 2908 451 2904 487 2904 524 2904 560 2904 597 2908 633 2908 670 2908 706 2908 742 2911 779 2911 815 2911 852 2911 888 2911 924 2915 961 2915 997 2915 1034 2915 1070 2919 1106 2919 1143 2919 1179 2919 1216 2922 1252 2922 1289 2922 1325 2922 1361 2922 1398 2926 1434 2926 1471 2926 1507 2926 1543 2930 1580 2930 1616 2930 1653 2930 1689 2933 1725 2933 1762 2933 1798 2933 1835 2933 1871 2937 1908 2937 1944 2937 1980 2937 2017 2941 2053 2941 2090 2941 2126 2941 2162 2944 2199 2944 2235 2944 2272 2944 2308 2948 2308 2948 2541 2955 2552 2886 2552 2850 418 2813 418 2839"/></Shape>
	    <String CONTENT="אגורה מוש אב&#39;יזה לה ליי דיזיינדומוש אישטאש שון לאש פאלאב&#39;ראש די קאשטיגיר ייוש קי אב&#39;לו משה"
                    HPOS="415.0"
                    VPOS="2813.0"
                    WIDTH="2137.0"
                    HEIGHT="142.0"></String>
          </TextLine>

          
          
          <TextLine ID="eSc_line_43f924d1"
                    
                    BASELINE="429 2909 2312 2953" 
                    HPOS="422.0"
                    VPOS="2882.0"
                    WIDTH="1886.0"
                    HEIGHT="128.0">
            <Shape><Polygon POINTS="426 2908 422 2973 458 2973 495 2973 531 2973 568 2973 604 2977 640 2977 677 2977 713 2977 750 2977 786 2981 822 2981 859 2981 895 2981 932 2981 968 2984 1005 2984 1041 2984 1077 2984 1114 2984 1150 2988 1187 2988 1223 2988 1259 2988 1296 2988 1332 2992 1369 2992 1405 2992 1441 2992 1478 2992 1514 2995 1551 2995 1587 2995 1624 2995 1660 2995 1696 2999 1733 2999 1769 2999 1806 2999 1842 2999 1878 3002 1915 3002 1951 3002 1988 3002 2024 3002 2060 3006 2097 3006 2133 3006 2170 3006 2206 3010 2243 3010 2279 3010 2297 3010 2308 2952 2308 2915 426 2882 426 2908"/></Shape>
	    <String CONTENT="קון לישינשייא די איל שי&quot;ת אה טודו ישראל. קיריינדו דיזיר קי לוש אקוז&#39;ו אה טודוש די ג&#39;יקו אי"
                    HPOS="422.0"
                    VPOS="2882.0"
                    WIDTH="1886.0"
                    HEIGHT="128.0"></String>
          </TextLine>

          
          
          <TextLine ID="eSc_line_67061cd2"
                    
                    BASELINE="418 2978 2567 3022" 
                    HPOS="411.0"
                    VPOS="2955.0"
                    WIDTH="2152.0"
                    HEIGHT="120.0">
            <Shape><Polygon POINTS="415 2977 411 3043 2552 3075 2563 3021 2563 2984 415 2955 415 2977"/></Shape>
	    <String CONTENT="אשטה גראנדי. אי איל הכרח די אקוז&#39;יר משה אה טודוש די גראנדי אשטה ג&#39;יקו אאון קי פ ודיאה דיזירלו אה"
                    HPOS="411.0"
                    VPOS="2955.0"
                    WIDTH="2152.0"
                    HEIGHT="120.0"></String>
          </TextLine>

          
          
          <TextLine ID="eSc_line_38ab1c5c"
                    
                    BASELINE="422 3059 2563 3088" 
                    HPOS="415.0"
                    VPOS="3028.0"
                    WIDTH="2144.0"
                    HEIGHT="120.0">
            <Shape><Polygon POINTS="418 3057 415 3112 451 3112 487 3112 524 3112 560 3112 597 3112 633 3115 670 3115 706 3115 742 3115 779 3115 808 3115 837 3119 852 3119 888 3119 924 3119 961 3119 997 3119 1026 3119 1052 3123 1070 3123 1106 3123 1143 3123 1179 3123 1205 3123 1263 3126 1289 3126 1325 3126 1361 3126 1380 3126 1478 3130 1507 3130 1543 3130 1580 3130 1598 3130 1693 3134 1725 3134 1762 3134 1773 3134 1904 3137 1908 3137 1944 3137 1951 3137 2119 3141 2126 3141 2162 3141 2170 3141 2334 3144 2345 3144 2345 3144 2548 3148 2559 3086 2556 3053 418 3028 418 3057"/></Shape>
	    <String CONTENT="פארטידה די אילייוש אי אילייוש קי לו דיש&#39;יראן אאיל רישטאנטי די ישראל איש פור קואטרו סבות. *פרימירה"
                    HPOS="415.0"
                    VPOS="3028.0"
                    WIDTH="2144.0"
                    HEIGHT="120.0"></String>
          </TextLine>

          
          
          <TextLine ID="eSc_line_e7c8145c"
                    
                    BASELINE="422 3117 2559 3157" 
                    HPOS="415.0"
                    VPOS="3090.0"
                    WIDTH="2141.0"
                    HEIGHT="120.0">
            <Shape><Polygon POINTS="418 3115 415 3170 2545 3210 2556 3155 2552 3123 418 3090 418 3115"/></Shape>
	    <String CONTENT="איש קי אל מודו קי קונדו דייו איל שי&quot;ת לה ליי אה ישראל לוש אפנייו אה טודוש אין הר סיני אי דילאנטרי די"
                    HPOS="415.0"
                    VPOS="3090.0"
                    WIDTH="2141.0"
                    HEIGHT="120.0"></String>
          </TextLine>

          
          
          <TextLine ID="eSc_line_17917859"
                    
                    BASELINE="415 3193 2563 3226" 
                    HPOS="407.0"
                    VPOS="3163.0"
                    WIDTH="2152.0"
                    HEIGHT="109.0">
            <Shape><Polygon POINTS="411 3192 407 3239 2548 3272 2559 3225 2559 3192 411 3163 411 3192"/></Shape>
	    <String CONTENT="טודוס דייו איל שי&quot;ת לה ליי. אוטרו טאנטו איזו משה רבינו אקי שיינדו דיספואיש די קאשטיג ארלוש ליש קיז&#39;ו"
                    HPOS="407.0"
                    VPOS="3163.0"
                    WIDTH="2152.0"
                    HEIGHT="109.0"></String>
          </TextLine>

          
          
          <TextLine ID="eSc_line_08f3a98d"
                    
                    BASELINE="411 3255 2559 3291" 
                    HPOS="404.0"
                    VPOS="3228.0"
                    WIDTH="2152.0"
                    HEIGHT="117.0">
            <Shape><Polygon POINTS="407 3254 404 3308 2545 3345 2556 3290 2552 3257 407 3228 407 3254"/></Shape>
	    <String CONTENT="טורנאר אי דיקלארארליס לה ליי סיגון סי אב&#39;יזארה מאש אדילאנטרי בעה&quot;י. פור אישטו פ&#39;ואי הכרח די"
                    HPOS="404.0"
                    VPOS="3228.0"
                    WIDTH="2152.0"
                    HEIGHT="117.0"></String>
          </TextLine>

          
          
          <TextLine ID="eSc_line_aeec2bb0"
                    
                    BASELINE="411 3328 2556 3364" 
                    HPOS="404.0"
                    VPOS="3283.0"
                    WIDTH="2148.0"
                    HEIGHT="127.0">
            <Shape><Polygon POINTS="407 3326 404 3381 2541 3410 2552 3363 2548 3319 407 3283 407 3326"/></Shape>
	    <String CONTENT="אפאנייאר אה טודו ישראל סיגון פ&#39;ואי אין מעמד הר סיני סיינדו אילייוש איראן שוש איז&#39;וס אי נו לו אב&#39;יאן"
                    HPOS="404.0"
                    VPOS="3283.0"
                    WIDTH="2148.0"
                    HEIGHT="127.0"></String>
          </TextLine>

          
          
          <TextLine ID="eSc_line_53f87dcc"
                    
                    BASELINE="411 3393 2559 3430" 
                    HPOS="404.0"
                    VPOS="3363.0"
                    WIDTH="2152.0"
                    HEIGHT="116.0">
            <Shape><Polygon POINTS="407 3392 404 3443 2545 3479 2556 3428 2556 3399 407 3363 407 3392"/></Shape>
	    <String CONTENT="אואידו אין הר סיני די בוקה דיל שי&quot;ת קי לה אוייראן אגורה די שו בוקה קי שי קונטה קי איש קומו אואירלה"
                    HPOS="404.0"
                    VPOS="3363.0"
                    WIDTH="2152.0"
                    HEIGHT="116.0"></String>
          </TextLine>

          
          
          <TextLine ID="eSc_line_02b49f97"
                    
                    BASELINE="411 3469 644 3463 2559 3495" 
                    HPOS="404.0"
                    VPOS="3432.0"
                    WIDTH="2152.0"
                    HEIGHT="113.0">
            <Shape><Polygon POINTS="407 3468 404 3523 440 3523 477 3523 513 3523 549 3523 586 3523 622 3527 659 3527 695 3527 731 3527 768 3527 801 3527 826 3530 841 3530 877 3530 913 3530 950 3530 986 3530 1001 3530 2545 3545 2556 3494 2552 3454 407 3432 407 3468"/></Shape>
	    <String CONTENT="די בוקה די איל שי&quot;ת . *סיגונדה איס קי סאב&#39;ריש&#39; קי טודו לוגאר קי אישטאן טודו ישראל אקוז&#39; ידוש אאי איי"
                    HPOS="404.0"
                    VPOS="3432.0"
                    WIDTH="2152.0"
                    HEIGHT="113.0"></String>
          </TextLine>

          
          
          <TextLine ID="eSc_line_2ce668d6"
                    
                    BASELINE="411 3528 2559 3568" 
                    HPOS="404.0"
                    VPOS="3498.0"
                    WIDTH="2152.0"
                    HEIGHT="120.0">
            <Shape><Polygon POINTS="407 3527 404 3578 2545 3618 2556 3567 2552 3527 407 3498 407 3527"/></Shape>
	    <String CONTENT="השראת שכינה אי פור אישטו אינקומינדו איל שי&quot;ת קואנדו דייו לה ליי קי סי טופאראן טודו ישראל אליי פורקי"
                    HPOS="404.0"
                    VPOS="3498.0"
                    WIDTH="2152.0"
                    HEIGHT="120.0"></String>
          </TextLine>

          
          
          <TextLine ID="eSc_line_5ceda8a7"
                    
                    BASELINE="407 3594 2556 3630" 
                    HPOS="400.0"
                    VPOS="3567.0"
                    WIDTH="2152.0"
                    HEIGHT="116.0">
            <Shape><Polygon POINTS="404 3592 400 3647 2541 3683 2552 3629 2548 3592 404 3567 404 3592"/></Shape>
	    <String CONTENT="סי אלגונו מאנקאב&#39;ה נו שי דישקוב&#39;ריאה לה שכינה אה אב&#39;לאר קון ישראל סיגון דיזי איל פסוק כי ביום השלישי"
                    HPOS="400.0"
                    VPOS="3567.0"
                    WIDTH="2152.0"
                    HEIGHT="116.0"></String>
          </TextLine>

          
          
          <TextLine ID="eSc_line_85a5aac4"
                    
                    BASELINE="407 3663 2552 3699" 
                    HPOS="400.0"
                    VPOS="3636.0"
                    WIDTH="2148.0"
                    HEIGHT="113.0">
            <Shape><Polygon POINTS="404 3661 400 3712 2537 3749 2548 3698 2545 3661 404 3636 404 3661"/></Shape>
	    <String CONTENT="ירד ה&#39; לעיני כל העם על הר סיני . פור אישטו לוש אקוז&#39;ו משה רבינו די גראנדי אשטה ג&#39;יקו פארה קי פוזארה"
                    HPOS="400.0"
                    VPOS="3636.0"
                    WIDTH="2148.0"
                    HEIGHT="113.0"></String>
          </TextLine>

          
          
          <TextLine ID="eSc_line_c0c232a2"
                    
                    BASELINE="407 3728 2559 3765" 
                    HPOS="400.0"
                    VPOS="3701.0"
                    WIDTH="2156.0"
                    HEIGHT="117.0">
            <Shape><Polygon POINTS="404 3727 400 3781 2545 3818 2556 3763 2556 3727 404 3701 404 3727"/></Shape>
	    <String CONTENT="לה שכינה אליי לה אורה קי לוש אישטאב&#39;ה קאטיגאנדו אי קי ריסיבייראן שוש פאלאב&#39;ראש. אי אנשי טופאמוש"
                    HPOS="400.0"
                    VPOS="3701.0"
                    WIDTH="2156.0"
                    HEIGHT="117.0"></String>
          </TextLine>

          
          
          <TextLine ID="eSc_line_c024e3a8"
                    
                    BASELINE="411 3794 2552 3834" 
                    HPOS="404.0"
                    VPOS="3767.0"
                    WIDTH="2144.0"
                    HEIGHT="120.0">
            <Shape><Polygon POINTS="407 3792 404 3851 2537 3887 2548 3832 2545 3796 407 3767 407 3792"/></Shape>
	    <String CONTENT="אין רבי קי קואנדו קיריאה דארשאר איניל קהל אי קאשטיגאר אה לה ג&#39;ינטי אנטיש די אינפישאר אה דארשאר"
                    HPOS="404.0"
                    VPOS="3767.0"
                    WIDTH="2144.0"
                    HEIGHT="120.0"></String>
          </TextLine>

          
          
          <TextLine ID="eSc_line_09a9c5f2"
                    
                    BASELINE="407 3863 2556 3899" 
                    HPOS="400.0"
                    VPOS="3836.0"
                    WIDTH="2152.0"
                    HEIGHT="117.0">
            <Shape><Polygon POINTS="404 3862 400 3916 2541 3953 2552 3898 2552 3862 404 3836 404 3862"/></Shape>
	    <String CONTENT="דימאנדאב&#39;ה אי דיזיאה מירה שי אישטאן טודוש איניל קהל נו שיאה קי פ&#39;אלטי אלגונו. אי איל  טעם אירה"
                    HPOS="400.0"
                    VPOS="3836.0"
                    WIDTH="2152.0"
                    HEIGHT="117.0"></String>
          </TextLine>

          
          
          <TextLine ID="eSc_line_dce2f70f"
                    
                    BASELINE="411 3928 1722 3969 2559 3972" 
                    HPOS="404.0"
                    VPOS="3902.0"
                    WIDTH="2152.0"
                    HEIGHT="185.0">
            <Shape><Polygon POINTS="407 3927 404 4000 546 4000 549 3996 586 3996 622 3996 659 3996 695 3996 731 3996 731 4003 1565 4014 1653 4051 1693 4069 1696 4069 1700 4069 2053 4069 2385 4069 2545 4087 2556 3971 2556 3934 407 3902 407 3927"/></Shape>
	    <String CONTENT="פורקי אישטאנדו טודו ישראל אליי פוזה לה שכינה אין אקיל לוגאר שיגון לי דיש&#39;ו איל שי&quot;ת הקהל את העם"
                    HPOS="404.0"
                    VPOS="3902.0"
                    WIDTH="2152.0"
                    HEIGHT="185.0"></String>
          </TextLine>

          
        </TextBlock>
        

        
      </PrintSpace>
    </Page>
  </Layout>
</alto>
