<?xml version="1.0" encoding="UTF-8"?>
<alto xmlns:xsi="http://www.w3.org/2001/XMLSchema-instance"
      xmlns="http://www.loc.gov/standards/alto/ns-v4#"
      xsi:schemaLocation="http://www.loc.gov/standards/alto/ns-v4# http://www.loc.gov/standards/alto/v4/alto-4-2.xsd">
  <Description>
    <MeasurementUnit>pixel</MeasurementUnit>
    <sourceImageInformation>
      <fileName>Meam Loez Devarim Kushtandina 1773_29.jpg</fileName>
      
    </sourceImageInformation>
  </Description>
  
  <Layout>
    <Page WIDTH="2680"
          HEIGHT="4400"
          PHYSICAL_IMG_NR="28"
          ID="eSc_dummypage_">
      <PrintSpace HPOS="0"
                  VPOS="0"
                  WIDTH="2680"
                  HEIGHT="4400">
        
        <TextBlock HPOS="352.0"
                   VPOS="14.0"
                   WIDTH="2166.0"
                   HEIGHT="1111.0"
                   ID="eSc_textblock_8f07299c"
                   >
          <Shape><Polygon POINTS="2503 161 2518 1052 2125 1125 631 1111 524 1037 367 1037 352 146 440 128 440 14 510 29 451 128 528 146 2503 161"/></Shape>
          
          
          <TextLine ID="eSc_line_de7e8be7"
                    
                    BASELINE="359 152 2500 181" 
                    HPOS="352.0"
                    VPOS="128.0"
                    WIDTH="2144.0"
                    HEIGHT="117.0">
            <Shape><Polygon POINTS="2481 157 2445 157 2408 157 2371 157 2334 157 2298 157 2261 157 2224 157 2188 157 2151 157 2114 157 2077 157 2041 157 2004 157 1967 154 1931 154 1894 154 1857 154 1820 154 1784 154 1747 154 1710 154 1674 154 1637 154 1600 154 1563 154 1527 154 1490 150 1453 150 1417 150 1380 150 1343 150 1306 150 1270 150 1233 150 1196 150 1160 150 1123 150 1086 150 1049 150 1013 146 976 146 939 146 903 146 866 146 829 146 792 146 756 146 719 146 682 146 646 146 609 146 572 146 536 146 499 139 462 132 425 128 389 135 356 143 356 150 352 209 1512 231 1527 231 1527 231 1707 234 1710 234 1747 234 1754 234 1901 238 1931 238 1967 238 2004 238 2026 238 2096 242 2114 242 2151 242 2188 242 2224 242 2254 242 2290 245 2298 245 2334 245 2371 245 2408 245 2445 245 2481 245 2485 245 2496 179 2492 157 2481 157"/></Shape>
	    <String CONTENT="לייא ויירון לאס מאראב&#39;ילייאס קי איזי קון פרעה אי סו פ&#39;ונסאדו אי קומו ליס פארטי לה מאר אי"
                    HPOS="352.0"
                    VPOS="128.0"
                    WIDTH="2144.0"
                    HEIGHT="117.0"></String>
          </TextLine>

          
          
          <TextLine ID="eSc_line_796826a7"
                    
                    BASELINE="356 221 2496 254" 
                    HPOS="348.0"
                    VPOS="194.0"
                    WIDTH="2144.0"
                    HEIGHT="121.0">
            <Shape><Polygon POINTS="352 220 348 282 1530 300 1560 300 1563 300 1769 304 1780 304 1817 304 1853 304 1868 304 2004 308 2037 308 2074 308 2110 308 2147 308 2173 308 2243 311 2257 311 2294 311 2331 311 2367 311 2404 311 2441 311 2478 311 2478 311 2481 315 2492 253 2489 227 352 194 352 220"/></Shape>
	    <String CONTENT="אונדי אה לוס מצריים אין לה מאר דיראן קון פרעה אי סו פ&#39;ונסאדו פודו אמה קון לוס טרינטה אי"
                    HPOS="348.0"
                    VPOS="194.0"
                    WIDTH="2144.0"
                    HEIGHT="121.0"></String>
          </TextLine>

          
          
          <TextLine ID="eSc_line_98815999"
                    
                    BASELINE="356 295 2485 320" 
                    HPOS="348.0"
                    VPOS="267.0"
                    WIDTH="2133.0"
                    HEIGHT="110.0">
            <Shape><Polygon POINTS="352 293 348 352 609 355 642 355 646 355 873 359 899 359 936 359 943 359 1141 363 1156 363 1193 363 1229 363 1240 363 1406 366 1413 366 1450 366 1486 366 1523 366 1560 366 1582 366 1670 370 1707 370 1743 370 1780 370 1817 370 1853 370 1879 370 1938 374 1964 374 2000 374 2037 374 2074 374 2110 374 2147 374 2180 374 2202 377 2221 377 2257 377 2294 377 2331 377 2367 377 2404 377 2441 377 2470 377 2481 319 2481 286 352 267 352 293"/></Shape>
	    <String CONTENT="און רייס די כנען קי סון מוי פ&#39;ואירטיס נו פואידיס קון אילייוס אי פור איסטו לוס מאטאסטיס אין"
                    HPOS="348.0"
                    VPOS="267.0"
                    WIDTH="2133.0"
                    HEIGHT="110.0"></String>
          </TextLine>

          
          
          <TextLine ID="eSc_line_e1b9b35d"
                    
                    BASELINE="356 361 2492 386" 
                    HPOS="348.0"
                    VPOS="333.0"
                    WIDTH="2141.0"
                    HEIGHT="110.0">
            <Shape><Polygon POINTS="352 359 348 421 609 425 642 425 679 425 686 425 877 429 899 429 936 429 972 429 1009 429 1046 429 1072 429 1141 432 1156 432 1193 432 1229 432 1266 432 1303 432 1340 432 1376 432 1413 432 1450 436 1486 436 1523 436 1560 436 1596 436 1633 436 1670 436 1707 436 1743 436 1780 440 1817 440 1853 440 1890 440 1927 440 1964 440 2000 440 2037 440 2074 440 2110 440 2147 443 2184 443 2221 443 2257 443 2294 443 2331 443 2367 443 2404 443 2441 443 2478 443 2478 443 2489 385 2485 359 352 333 352 359"/></Shape>
	    <String CONTENT="איסטי מדבר. סינייור די איל מונדו אש פור טו נומברי איל גראנדי אי קי וינשה לה מדה די טוס"
                    HPOS="348.0"
                    VPOS="333.0"
                    WIDTH="2141.0"
                    HEIGHT="110.0"></String>
          </TextLine>

          
          
          <TextLine ID="eSc_line_c7da6abf"
                    
                    BASELINE="359 430 2492 452" 
                    HPOS="352.0"
                    VPOS="392.0"
                    WIDTH="2137.0"
                    HEIGHT="125.0">
            <Shape><Polygon POINTS="356 429 352 487 1413 502 1417 502 1417 502 2478 517 2489 451 2485 425 356 392 356 429"/></Shape>
	    <String CONTENT="פיאדאדיס אה לה מדה די טו דין אי טין פאסינסייא אי נו טי אראב&#39;ייס קון אילייוס אי אש לפנים"
                    HPOS="352.0"
                    VPOS="392.0"
                    WIDTH="2137.0"
                    HEIGHT="125.0"></String>
          </TextLine>

          
          
          <TextLine ID="eSc_line_f647b9b1"
                    
                    BASELINE="356 496 2492 526" 
                    HPOS="348.0"
                    VPOS="465.0"
                    WIDTH="2141.0"
                    HEIGHT="114.0">
            <Shape><Polygon POINTS="352 495 348 557 381 557 385 557 422 557 458 557 495 557 532 557 569 557 605 557 642 557 679 561 715 561 752 561 789 561 826 561 862 561 899 561 936 561 972 564 1009 564 1046 564 1083 564 1119 564 1156 564 1193 564 1229 564 1266 564 1303 568 1340 568 1376 568 1413 568 1450 568 1486 568 1523 568 1560 568 1596 572 1633 572 1670 572 1707 572 1743 572 1780 572 1817 572 1853 572 1890 575 1927 575 1964 575 2000 575 2037 575 2074 575 2110 575 2147 575 2184 575 2221 579 2257 579 2294 579 2331 579 2367 579 2404 579 2441 579 2478 579 2478 579 2489 524 2489 495 352 465 352 495"/></Shape>
	    <String CONTENT="מן השורה קי אנסי מי דיש&#39;יסטיס אה מי קי טו טי ריג&#39;יס קון אילייוס קון לה מדה די לאס פיאדאדיס אי אגורה"
                    HPOS="348.0"
                    VPOS="465.0"
                    WIDTH="2141.0"
                    HEIGHT="114.0"></String>
          </TextLine>

          
          
          <TextLine ID="eSc_line_beec2862"
                    
                    BASELINE="359 562 2496 588" 
                    HPOS="352.0"
                    VPOS="535.0"
                    WIDTH="2140.0"
                    HEIGHT="110.0">
            <Shape><Polygon POINTS="356 561 352 627 389 627 425 627 462 627 499 627 536 627 572 627 609 627 646 627 682 627 719 630 756 630 792 630 829 630 866 630 903 630 939 630 976 630 1013 630 1049 630 1086 634 1123 634 1160 634 1196 634 1233 634 1270 634 1306 634 1343 634 1380 634 1417 634 1453 638 1490 638 1527 638 1563 638 1600 638 1637 638 1674 638 1710 638 1747 638 1784 641 1820 641 1857 641 1894 641 1931 641 1967 641 2004 641 2041 641 2077 641 2114 641 2151 645 2188 645 2224 645 2261 645 2298 645 2334 645 2371 645 2408 645 2445 645 2481 645 2481 645 2492 586 2489 561 356 535 356 561"/></Shape>
	    <String CONTENT="אפ&#39;ירמה איסטו קי מי דיש&#39;יסטיס פארה קי סי אינגראנדיסקה טו נומברי איניל מונדו אי סיפאן קומו איריס דייו"
                    HPOS="352.0"
                    VPOS="535.0"
                    WIDTH="2140.0"
                    HEIGHT="110.0"></String>
          </TextLine>

          
          
          <TextLine ID="eSc_line_337106cd"
                    
                    BASELINE="356 632 2496 654" 
                    HPOS="348.0"
                    VPOS="605.0"
                    WIDTH="2144.0"
                    HEIGHT="110.0">
            <Shape><Polygon POINTS="352 630 348 693 2481 715 2492 652 2489 627 352 605 352 630"/></Shape>
	    <String CONTENT="פיאדוזו . פורקי סי און איסקלאב&#39;ו לי אזי אאיל אמו טודו לו קי קירי . סי איל אמו לו מירה קון קארה בואינה"
                    HPOS="348.0"
                    VPOS="605.0"
                    WIDTH="2144.0"
                    HEIGHT="110.0"></String>
          </TextLine>

          
          
          <TextLine ID="eSc_line_79ca227d"
                    
                    BASELINE="356 702 2489 727" 
                    HPOS="348.0"
                    VPOS="671.0"
                    WIDTH="2137.0"
                    HEIGHT="113.0">
            <Shape><Polygon POINTS="352 700 348 751 2048 781 2074 781 2110 781 2121 781 2261 784 2294 784 2331 784 2367 784 2404 784 2441 784 2474 784 2485 726 2481 693 352 671 352 700"/></Shape>
	    <String CONTENT="אאיל איסקלאב&#39;ו נו איס די אלאב&#39;אר אאיל אמו. קואנדו איס די אלאב&#39;אר אאיל אמו קואנדו איל איסקלאב&#39;ו"
                    HPOS="348.0"
                    VPOS="671.0"
                    WIDTH="2137.0"
                    HEIGHT="113.0"></String>
          </TextLine>

          
          
          <TextLine ID="eSc_line_743b0ced"
                    
                    BASELINE="356 771 2500 793" 
                    HPOS="348.0"
                    VPOS="740.0"
                    WIDTH="2148.0"
                    HEIGHT="110.0">
            <Shape><Polygon POINTS="352 770 348 817 2485 850 2496 792 2492 762 352 740 352 770"/></Shape>
	    <String CONTENT="נו איס בואינו אי נו לי אזי לו קי טייני דימיניסטיר סו אמו אי אזי טודו אריב&#39;יס די סו וילונטאד אי קון טודו"
                    HPOS="348.0"
                    VPOS="740.0"
                    WIDTH="2148.0"
                    HEIGHT="110.0"></String>
          </TextLine>

          
          
          <TextLine ID="eSc_line_d17bff1d"
                    
                    BASELINE="359 837 2496 863" 
                    HPOS="352.0"
                    VPOS="795.0"
                    WIDTH="2140.0"
                    HEIGHT="129.0">
            <Shape><Polygon POINTS="356 817 356 836 352 891 1839 916 1857 916 1857 916 2052 920 2077 920 2114 920 2151 920 2169 920 2265 924 2298 924 2334 924 2371 924 2408 924 2445 924 2481 924 2481 924 2492 861 2489 825 370 795 356 817"/></Shape>
	    <String CONTENT="איסטו איל אמו לו מירה קון קארה אליגרי. אליי איס די אלאב&#39;אר אה איל אמו אי אגראדיסירסילו. אנסי"
                    HPOS="352.0"
                    VPOS="795.0"
                    WIDTH="2140.0"
                    HEIGHT="129.0"></String>
          </TextLine>

          
          
          <TextLine ID="eSc_line_986d2be8"
                    
                    BASELINE="359 907 2500 933" 
                    HPOS="352.0"
                    VPOS="872.0"
                    WIDTH="2144.0"
                    HEIGHT="121.0">
            <Shape><Polygon POINTS="356 905 352 953 2485 993 2496 931 2492 902 356 872 356 905"/></Shape>
	    <String CONTENT="טי רוגו סינייור די איל מונדו קי נו ליס פאגיס סיגון איזיירון אילייוס סי נו טו אז פור טו נומברי איל גראנדי"
                    HPOS="352.0"
                    VPOS="872.0"
                    WIDTH="2144.0"
                    HEIGHT="121.0"></String>
          </TextLine>

          
          
          <TextLine ID="eSc_line_ff9debdf"
                    
                    BASELINE="359 973 2500 1002" 
                    HPOS="352.0"
                    VPOS="931.0"
                    WIDTH="2144.0"
                    HEIGHT="132.0">
            <Shape><Polygon POINTS="356 971 352 1030 1295 1045 1306 1045 1343 1045 1380 1045 1417 1045 1435 1045 1534 1048 1563 1048 1600 1048 1637 1048 1674 1048 1710 1048 1747 1048 1784 1048 1820 1048 1857 1052 1894 1052 1931 1052 1967 1052 2004 1052 2041 1052 2077 1052 2114 1052 2151 1052 2188 1052 2224 1056 2224 1056 2485 1063 2496 1001 2492 964 356 931 356 971"/></Shape>
	    <String CONTENT="פארה קי סי אינשאלשי טו נומברי איל גראנדי איניל מונדו. אי מי דיש&#39;ו איל שי&quot;ת פארה מודרי די טי לייא"
                    HPOS="352.0"
                    VPOS="931.0"
                    WIDTH="2144.0"
                    HEIGHT="132.0"></String>
          </TextLine>

          
          
          <TextLine ID="eSc_line_25db45a8"
                    
                    BASELINE="646 1046 2228 1061" 
                    HPOS="638.0"
                    VPOS="1015.0"
                    WIDTH="1586.0"
                    HEIGHT="110.0">
            <Shape><Polygon POINTS="642 1045 638 1107 2213 1125 2224 1059 2221 1026 642 1015 642 1045"/></Shape>
	    <String CONTENT="סי לוס אינפריזינטי אה אילייוס סיגון דיזי איל פסוק ויאמר ה&#39; סלחתי כדבריך:"
                    HPOS="638.0"
                    VPOS="1015.0"
                    WIDTH="1586.0"
                    HEIGHT="110.0"></String>
          </TextLine>

          
        </TextBlock>
        
        <TextBlock HPOS="29.0"
                   VPOS="1158.0"
                   WIDTH="2489.0"
                   HEIGHT="2915.0"
                   ID="eSc_textblock_e7034720"
                   >
          <Shape><Polygon POINTS="1200 4029 807 4029 469 4073 234 3941 234 3872 337 3839 337 3021 304 2973 44 2973 29 2918 337 2871 337 2156 117 2108 58 2024 73 1980 337 1947 337 1613 146 1595 44 1466 102 1305 290 1290 249 1188 367 1158 2518 1188 2489 4044 1218 4073 1200 4029"/></Shape>
          
          
          <TextLine ID="eSc_line_eb0e8e01"
                    
                    BASELINE="353 1193 730 1178 2516 1208" 
                    HPOS="348"
                    VPOS="1158"
                    WIDTH="2166"
                    HEIGHT="114">
            <Shape><Polygon POINTS="2478 1188 2441 1188 2404 1188 2367 1188 2331 1188 2294 1188 2257 1184 2221 1184 2184 1184 2147 1184 2110 1184 2074 1184 2037 1184 2000 1180 1964 1180 1927 1180 1890 1180 1853 1180 1817 1180 1780 1177 1743 1177 1707 1177 1670 1177 1633 1177 1596 1177 1560 1177 1523 1173 1486 1173 1450 1173 1413 1173 1376 1173 1340 1173 1303 1169 1266 1169 1229 1169 1193 1169 1156 1169 1119 1169 1083 1169 1046 1166 1009 1166 972 1166 936 1166 899 1166 862 1166 826 1162 789 1162 752 1162 715 1162 679 1162 642 1162 609 1162 572 1158 536 1158 499 1158 462 1158 425 1158 389 1158 352 1158 352 1191 348 1235 558 1239 569 1239 605 1239 642 1239 679 1239 715 1239 752 1239 789 1243 826 1243 862 1243 899 1243 936 1243 972 1243 1009 1243 1046 1243 1083 1243 1119 1243 1156 1243 1193 1246 1229 1246 1266 1246 1303 1246 1340 1246 1376 1246 1413 1246 1450 1246 1486 1246 1523 1246 1560 1246 1596 1250 1633 1250 1670 1250 1707 1250 1743 1250 1780 1250 1817 1250 1853 1250 1890 1250 1927 1250 1964 1250 1967 1261 2503 1272 2514 1206 2511 1184 2478 1188"/></Shape>
	    <String CONTENT="תופל ולבן ליס קיג&#39;ו דיזיר ברמז אקודראב&#39;וס לו קי איזיסטיש&#39; אראב&#39;ייאר אל שי&quot;ת קואנדו"
                    HPOS="348"
                    VPOS="1158"
                    WIDTH="2166"
                    HEIGHT="114"></String>
          </TextLine>

          
          
          <TextLine ID="eSc_line_ca3bfc2a"
                    
                    BASELINE="367 1244 1975 1259" 
                    HPOS="359.0"
                    VPOS="1210.0"
                    WIDTH="1612.0"
                    HEIGHT="110.0">
            <Shape><Polygon POINTS="363 1243 359 1309 888 1312 910 1312 947 1312 983 1312 1020 1312 1057 1312 1094 1312 1130 1312 1167 1312 1204 1312 1240 1312 1266 1312 1424 1316 1461 1316 1497 1316 1534 1316 1571 1316 1608 1316 1644 1316 1659 1316 1960 1320 1971 1257 1967 1221 363 1210 363 1243"/></Shape>
	    <String CONTENT="ב&#39;וש קיש&#39;אסטיש&#39; די לה מאגנה קי דיש&#39;יסטיש&#39; ונפשנו קצה בלחם הקלוקל. קיריינדו"
                    HPOS="359.0"
                    VPOS="1210.0"
                    WIDTH="1612.0"
                    HEIGHT="110.0"></String>
          </TextLine>

          
          
          <TextLine ID="eSc_line_a9a13434"
                    
                    BASELINE="352 1327 851 1318 2503 1332" 
                    HPOS="345.0"
                    VPOS="1287.0"
                    WIDTH="2155.0"
                    HEIGHT="106.0">
            <Shape><Polygon POINTS="348 1323 345 1378 653 1378 675 1378 712 1378 748 1378 785 1378 822 1378 859 1378 895 1378 932 1378 969 1378 1005 1378 1042 1378 1079 1378 1116 1378 1152 1378 1189 1378 1226 1378 1262 1382 1299 1382 1336 1382 1373 1382 1409 1382 1446 1382 1483 1386 1519 1386 1556 1386 1593 1386 1630 1386 1666 1386 1703 1386 1721 1386 1949 1389 1960 1389 1960 1389 2489 1393 2500 1331 2496 1301 348 1287 348 1323"/></Shape>
	    <String CONTENT="דיזיר קי סי איב&#39;אן קיש&#39;אנדו אי דיזיינדו אונו אל אוטרו אה אירמאנו מיאו ויסטיס אלגון דיאה קי מיטין"
                    HPOS="345.0"
                    VPOS="1287.0"
                    WIDTH="2155.0"
                    HEIGHT="106.0"></String>
          </TextLine>

          
          
          <TextLine ID="eSc_line_65b4fd9d"
                    
                    BASELINE="352 1393 980 1384 2500 1406" 
                    HPOS="345.0"
                    VPOS="1353.0"
                    WIDTH="2151.0"
                    HEIGHT="110.0">
            <Shape><Polygon POINTS="348 1389 345 1444 774 1448 785 1448 822 1448 859 1448 895 1448 932 1448 969 1448 1005 1448 1042 1448 1079 1448 1116 1448 1152 1448 1189 1448 1226 1448 1262 1448 1299 1448 1336 1448 1373 1448 1409 1448 1446 1448 1483 1452 1519 1452 1556 1452 1593 1452 1630 1452 1666 1452 1703 1452 1740 1455 1776 1455 1813 1455 1850 1455 1887 1455 1923 1455 1960 1455 1997 1459 2033 1459 2070 1459 2107 1459 2144 1459 2180 1459 2217 1459 2254 1463 2290 1463 2327 1463 2364 1463 2400 1463 2437 1463 2474 1463 2485 1463 2496 1404 2492 1375 348 1353 348 1389"/></Shape>
	    <String CONTENT="איניל מולינו טריגו אה מוליר אי נו אבאש&#39;י לו קי סי מולי אבאש&#39;ו. לו מיזמו איס איסטו קי מציאות איי קי"
                    HPOS="345.0"
                    VPOS="1353.0"
                    WIDTH="2151.0"
                    HEIGHT="110.0"></String>
          </TextLine>

          
          
          <TextLine ID="eSc_line_5c8725e6"
                    
                    BASELINE="351 1461 1193 1453 2496 1472" 
                    HPOS="345.0"
                    VPOS="1422.0"
                    WIDTH="2147.0"
                    HEIGHT="110.0">
            <Shape><Polygon POINTS="348 1459 345 1518 381 1518 418 1518 455 1518 491 1518 528 1518 565 1518 602 1518 638 1518 675 1518 712 1518 748 1518 785 1518 815 1518 873 1521 895 1521 932 1521 969 1521 1005 1521 1042 1521 1079 1521 1116 1521 1152 1521 1189 1521 1211 1521 1409 1525 1446 1525 1483 1525 1519 1525 1556 1525 1593 1525 1630 1525 1644 1525 1945 1529 1960 1529 1997 1529 2033 1529 2037 1529 2481 1532 2492 1470 2489 1437 348 1422 348 1459"/></Shape>
	    <String CONTENT="קומאמוס אי נו ואלייאמוס די נואיסטרוס פואירפוס. לי ריספונדיאה איל אוטרו לוס קאב&#39;וס טינגאמוס"
                    HPOS="345.0"
                    VPOS="1422.0"
                    WIDTH="2147.0"
                    HEIGHT="110.0"></String>
          </TextLine>

          
          
          <TextLine ID="eSc_line_63bd57b7"
                    
                    BASELINE="351 1525 381 1523 2500 1541" 
                    HPOS="345.0"
                    VPOS="1488.0"
                    WIDTH="2151.0"
                    HEIGHT="110.0">
            <Shape><Polygon POINTS="348 1521 345 1580 378 1580 381 1580 418 1580 455 1580 491 1580 528 1580 565 1580 602 1580 638 1580 675 1580 704 1580 767 1584 785 1584 822 1584 859 1584 895 1584 932 1584 969 1584 1005 1584 1042 1584 1064 1584 1196 1587 1226 1587 1262 1587 1299 1587 1336 1587 1373 1587 1409 1587 1428 1587 1626 1591 1630 1591 1666 1591 1703 1591 1740 1591 1747 1591 2055 1595 2070 1595 2107 1595 2110 1595 2485 1598 2496 1540 2492 1507 348 1488 348 1521"/></Shape>
	    <String CONTENT="בואינוס. פירו מי איספאנטו קי אלגון דיאה מוסי פארטין נואיסטראס טריפאס פורקי לו קי קומימוס נו לו"
                    HPOS="345.0"
                    VPOS="1488.0"
                    WIDTH="2151.0"
                    HEIGHT="110.0"></String>
          </TextLine>

          
          
          <TextLine ID="eSc_line_2cd0e064"
                    
                    BASELINE="359 1585 2492 1607" 
                    HPOS="352.0"
                    VPOS="1554.0"
                    WIDTH="2137.0"
                    HEIGHT="114.0">
            <Shape><Polygon POINTS="356 1584 352 1646 389 1646 425 1646 462 1646 499 1646 536 1646 572 1646 609 1646 638 1646 701 1650 719 1650 756 1650 792 1650 829 1650 866 1650 884 1650 1057 1653 1086 1653 1123 1653 1130 1653 1413 1657 1417 1657 1417 1657 2478 1668 2489 1606 2485 1576 356 1554 356 1584"/></Shape>
	    <String CONTENT="קיטאמוס די נואיסטראס טריפאס. אי דיש&#39;ו איל שי&quot;ת לייו לוס קיג&#39;י אסימיג&#39;אר אה לוס מלאכים סיגון דיזי"
                    HPOS="352.0"
                    VPOS="1554.0"
                    WIDTH="2137.0"
                    HEIGHT="114.0"></String>
          </TextLine>

          
          
          <TextLine ID="eSc_line_debe720a"
                    
                    BASELINE="348 1651 2500 1681" 
                    HPOS="341.0"
                    VPOS="1620.0"
                    WIDTH="2155.0"
                    HEIGHT="110.0">
            <Shape><Polygon POINTS="345 1650 341 1708 1141 1719 1149 1719 1185 1719 1189 1719 1409 1723 1442 1723 1479 1723 1516 1723 1552 1723 1589 1723 1626 1723 1659 1723 1677 1727 1699 1727 1736 1727 1773 1727 1809 1727 1846 1727 1883 1727 1920 1727 1956 1727 1993 1727 2030 1727 2066 1730 2103 1730 2140 1730 2177 1730 2213 1730 2250 1730 2287 1730 2323 1730 2360 1730 2397 1730 2434 1730 2470 1730 2485 1730 2496 1679 2496 1650 345 1620 345 1650"/></Shape>
	    <String CONTENT="איל פסוק אני אמרתי אלהים אתם. קירי דיזיר קי דיש&#39;ו איל דייו ייו ב&#39;וס די אה ב&#39;וזוטרוס טיטולוס די מלאכים"
                    HPOS="341.0"
                    VPOS="1620.0"
                    WIDTH="2155.0"
                    HEIGHT="110.0"></String>
          </TextLine>

          
          
          <TextLine ID="eSc_line_1d0fdeff"
                    
                    BASELINE="348 1721 2496 1739" 
                    HPOS="341.0"
                    VPOS="1690.0"
                    WIDTH="2151.0"
                    HEIGHT="114.0">
            <Shape><Polygon POINTS="345 1719 341 1778 378 1778 414 1778 451 1778 488 1778 524 1778 561 1778 598 1778 635 1782 671 1782 708 1782 745 1782 781 1782 818 1782 855 1782 892 1785 928 1785 965 1785 1002 1785 1038 1785 1075 1785 1112 1785 1149 1785 1185 1789 1222 1789 1259 1789 1295 1789 1332 1789 1369 1789 1406 1789 1442 1793 1479 1793 1516 1793 1552 1793 1589 1793 1626 1793 1663 1793 1699 1796 1736 1796 1773 1796 1809 1796 1846 1796 1883 1796 1920 1796 1956 1796 1986 1796 2052 1800 2066 1800 2103 1800 2140 1800 2177 1800 2213 1800 2228 1800 2481 1804 2492 1738 2489 1712 345 1690 345 1719"/></Shape>
	    <String CONTENT="אי קומו וייני קי קיטין פואירקידאד די סוס פואירפוס סיינדו לוס לייאמי מלאכים אי אל מודו קי לוס מלאכים"
                    HPOS="341.0"
                    VPOS="1690.0"
                    WIDTH="2151.0"
                    HEIGHT="114.0"></String>
          </TextLine>

          
          
          <TextLine ID="eSc_line_b84f5786"
                    
                    BASELINE="348 1783 2503 1813" 
                    HPOS="341.0"
                    VPOS="1756.0"
                    WIDTH="2159.0"
                    HEIGHT="114.0">
            <Shape><Polygon POINTS="345 1782 341 1848 378 1848 414 1848 451 1848 488 1848 524 1848 561 1848 598 1848 635 1848 671 1851 708 1851 745 1851 781 1851 818 1851 855 1851 892 1851 928 1851 965 1855 1002 1855 1038 1855 1075 1855 1112 1855 1149 1855 1185 1855 1222 1855 1259 1855 1295 1859 1332 1859 1369 1859 1406 1859 1442 1859 1479 1859 1516 1859 1552 1859 1589 1862 1626 1862 1663 1862 1699 1862 1736 1862 1773 1862 1809 1862 1846 1862 1883 1866 1920 1866 1956 1866 1993 1866 2030 1866 2066 1866 2103 1866 2140 1866 2177 1866 2213 1870 2250 1870 2287 1870 2323 1870 2360 1870 2397 1870 2434 1870 2470 1870 2489 1870 2500 1811 2496 1774 345 1756 345 1782"/></Shape>
	    <String CONTENT="נו ואן די סוס קואירפוס אנסי קי סיאן אילייוס אי קי סי ליס איספידי לה קומידה אין סוס מיימברוס אי פור"
                    HPOS="341.0"
                    VPOS="1756.0"
                    WIDTH="2159.0"
                    HEIGHT="114.0"></String>
          </TextLine>

          
          
          <TextLine ID="eSc_line_575c98f5"
                    
                    BASELINE="348 1853 2500 1879" 
                    HPOS="341.0"
                    VPOS="1826.0"
                    WIDTH="2155.0"
                    HEIGHT="113.0">
            <Shape><Polygon POINTS="345 1851 341 1917 378 1917 414 1917 451 1917 488 1917 524 1917 561 1917 598 1917 635 1917 671 1921 708 1921 745 1921 781 1921 818 1921 855 1921 892 1921 928 1921 965 1925 1002 1925 1038 1925 1075 1925 1112 1925 1149 1925 1185 1925 1222 1925 1259 1925 1295 1928 1332 1928 1369 1928 1406 1928 1442 1928 1479 1928 1516 1928 1552 1928 1589 1932 1626 1932 1663 1932 1699 1932 1736 1932 1773 1932 1809 1932 1846 1932 1883 1936 1920 1936 1956 1936 1993 1936 2030 1936 2066 1936 2103 1936 2140 1936 2177 1936 2213 1939 2250 1939 2287 1939 2323 1939 2360 1939 2397 1939 2434 1939 2470 1939 2485 1939 2496 1877 2492 1851 345 1826 345 1851"/></Shape>
	    <String CONTENT="אב&#39;יזו די איסטו דיזי איל פסוק לחם אבירים אכל איש. קירי דיזיר איל מאנטינימיינטו קי סי מאנטוב&#39;יירון"
                    HPOS="341.0"
                    VPOS="1826.0"
                    WIDTH="2155.0"
                    HEIGHT="113.0"></String>
          </TextLine>

          
          
          <TextLine ID="eSc_line_2e65c279"
                    
                    BASELINE="348 1923 2500 1948" 
                    HPOS="341.0"
                    VPOS="1895.0"
                    WIDTH="2155.0"
                    HEIGHT="107.0">
            <Shape><Polygon POINTS="345 1921 341 1987 374 1987 378 1987 414 1987 451 1987 488 1987 524 1987 561 1987 598 1987 635 1987 671 1987 708 1987 745 1987 781 1987 818 1987 855 1987 892 1987 928 1987 965 1991 1002 1991 1038 1991 1075 1991 1112 1991 1149 1991 1185 1991 1207 1991 1409 1994 1442 1994 1442 1994 2485 2002 2496 1947 2492 1921 345 1895 345 1921"/></Shape>
	    <String CONTENT="ישראל איניל מדבר אירה אונה קוזה קי סי אינגלוטיאה אין לוס מיימברוס די איל אומברי אי נו אב&#39;יאה הכרח"
                    HPOS="341.0"
                    VPOS="1895.0"
                    WIDTH="2155.0"
                    HEIGHT="107.0"></String>
          </TextLine>

          
          
          <TextLine ID="eSc_line_e3610cd5"
                    
                    BASELINE="349 1996 693 1992 2503 2018" 
                    HPOS="345.0"
                    VPOS="1965.0"
                    WIDTH="2155.0"
                    HEIGHT="106.0">
            <Shape><Polygon POINTS="348 1994 345 2053 770 2057 785 2057 822 2057 859 2057 895 2057 932 2057 969 2057 1005 2057 1042 2057 1079 2057 1116 2057 1152 2057 1185 2057 1200 2060 1226 2060 1262 2060 1299 2060 1336 2060 1373 2060 1387 2060 2489 2071 2500 2016 2500 1991 348 1965 348 1994"/></Shape>
	    <String CONTENT="אה קי פ&#39;ואיראן די סוס קואירפוס. אי אילייוס קי סי קיש&#39;אראן די איסטו אי קי אב&#39;לאראן ליצנות. *אי"
                    HPOS="345.0"
                    VPOS="1965.0"
                    WIDTH="2155.0"
                    HEIGHT="106.0"></String>
          </TextLine>

          
          
          <TextLine ID="eSc_line_4b02f7d4"
                    
                    BASELINE="349 2067 936 2062 2500 2088" 
                    HPOS="345.0"
                    VPOS="2024.0"
                    WIDTH="2151.0"
                    HEIGHT="113.0">
            <Shape><Polygon POINTS="348 2064 345 2123 381 2123 418 2123 455 2123 491 2123 528 2123 565 2123 602 2123 638 2123 675 2123 712 2123 748 2123 785 2126 822 2126 859 2126 895 2126 932 2126 969 2126 1005 2126 1042 2126 1079 2126 1116 2126 1152 2126 1189 2126 1226 2130 1262 2130 1299 2130 1336 2130 1373 2130 1409 2130 1446 2130 1483 2130 1519 2130 1556 2130 1593 2130 1630 2130 1666 2134 1703 2134 1740 2134 1776 2134 1813 2134 1850 2134 1887 2134 1923 2134 1960 2134 1997 2134 2033 2134 2070 2137 2107 2137 2144 2137 2180 2137 2217 2137 2254 2137 2290 2137 2327 2137 2364 2137 2400 2137 2437 2137 2474 2137 2485 2137 2496 2086 2492 2046 348 2024 348 2064"/></Shape>
	    <String CONTENT="טאמביין ליס די איסטה קומידה די לה מאגנה קי איס אונה קומידה אינג&#39;יליקאדה אי ליב&#39;ייאנה פארה קי נו ליש"
                    HPOS="345.0"
                    VPOS="2024.0"
                    WIDTH="2151.0"
                    HEIGHT="113.0"></String>
          </TextLine>

          
          
          <TextLine ID="eSc_line_9598c63d"
                    
                    BASELINE="345 2128 2500 2146" 
                    HPOS="337.0"
                    VPOS="2101.0"
                    WIDTH="2159.0"
                    HEIGHT="110.0">
            <Shape><Polygon POINTS="341 2126 337 2192 370 2192 374 2189 411 2189 447 2189 484 2189 521 2189 558 2189 594 2189 631 2192 668 2192 704 2192 741 2192 778 2192 815 2192 851 2192 888 2196 925 2196 961 2196 998 2196 1035 2196 1072 2196 1108 2196 1145 2196 1178 2196 1193 2200 1218 2200 1255 2200 1292 2200 1328 2200 1365 2200 1402 2200 1420 2200 1622 2203 1659 2203 1659 2203 2485 2211 2496 2145 2492 2119 341 2101 341 2126"/></Shape>
	    <String CONTENT="דיירה דולור אי קי נו ליס איזיירה דאנייו סיגון אוזאנסה די לוס רייס קי סוס קומידאס סון ליב&#39;ייאנאס. אי"
                    HPOS="337.0"
                    VPOS="2101.0"
                    WIDTH="2159.0"
                    HEIGHT="110.0"></String>
          </TextLine>

          
          
          <TextLine ID="eSc_line_24a07b97"
                    
                    BASELINE="348 2194 2500 2223" 
                    HPOS="341.0"
                    VPOS="2163.0"
                    WIDTH="2155.0"
                    HEIGHT="114.0">
            <Shape><Polygon POINTS="345 2192 341 2258 378 2258 414 2258 451 2258 488 2258 524 2258 561 2258 598 2258 635 2258 660 2258 767 2262 781 2262 818 2262 855 2262 892 2262 928 2262 943 2262 1196 2266 1222 2266 1259 2266 1262 2266 2485 2277 2496 2222 2492 2189 345 2163 345 2192"/></Shape>
	    <String CONTENT="טאמביין אירה אונה קומידה קי סי קומיאן די אילייא טודו איל דיאה נו ליס אזיאה דאנייו. אי אילייוס סי"
                    HPOS="341.0"
                    VPOS="2163.0"
                    WIDTH="2155.0"
                    HEIGHT="114.0"></String>
          </TextLine>

          
          
          <TextLine ID="eSc_line_5354ac8a"
                    
                    BASELINE="345 2264 2492 2289" 
                    HPOS="337.0"
                    VPOS="2233.0"
                    WIDTH="2152.0"
                    HEIGHT="117.0">
            <Shape><Polygon POINTS="341 2262 337 2324 370 2324 374 2324 411 2324 447 2324 484 2324 521 2324 558 2324 594 2324 627 2324 638 2328 668 2328 704 2328 741 2328 778 2328 815 2328 851 2328 877 2328 943 2332 961 2332 998 2332 1035 2332 1072 2332 1108 2332 1145 2332 1171 2332 1251 2335 1255 2335 1292 2335 1328 2335 1365 2335 1402 2335 1420 2335 1556 2339 1585 2339 1622 2339 1659 2339 1670 2339 1864 2343 1879 2343 1916 2343 1953 2343 1964 2343 2169 2346 2173 2346 2210 2346 2213 2346 2478 2350 2489 2288 2485 2251 341 2233 341 2262"/></Shape>
	    <String CONTENT="קיש&#39;ארון די איסטו אי נו אבאסטה איסטו סי נו קי אינפיסאסטיש&#39; אה דיזיר אונו אל אוטרו מוס אקודראמוס"
                    HPOS="337.0"
                    VPOS="2233.0"
                    WIDTH="2152.0"
                    HEIGHT="117.0"></String>
          </TextLine>

          
          
          <TextLine ID="eSc_line_59a77f72"
                    
                    BASELINE="348 2330 2496 2359" 
                    HPOS="341.0"
                    VPOS="2302.0"
                    WIDTH="2151.0"
                    HEIGHT="110.0">
            <Shape><Polygon POINTS="345 2328 341 2394 1622 2405 1626 2405 1626 2405 2481 2412 2492 2357 2489 2332 345 2302 345 2328"/></Shape>
	    <String CONTENT="אקיאוס דיאס קי איסטאב&#39;אמוס אין מצרים קון אקיאס אולייאס ליינאס די קארני אי מוס אסינטאב&#39;אמוס אי"
                    HPOS="341.0"
                    VPOS="2302.0"
                    WIDTH="2151.0"
                    HEIGHT="110.0"></String>
          </TextLine>

          
          
          <TextLine ID="eSc_line_69bb6699"
                    
                    BASELINE="345 2403 2496 2421" 
                    HPOS="337.0"
                    VPOS="2376.0"
                    WIDTH="2155.0"
                    HEIGHT="106.0">
            <Shape><Polygon POINTS="341 2401 337 2464 374 2464 411 2464 447 2464 484 2464 521 2464 558 2464 594 2464 631 2464 668 2464 704 2467 741 2467 778 2467 815 2467 851 2467 888 2467 925 2467 961 2467 998 2467 1035 2467 1072 2471 1108 2471 1145 2471 1182 2471 1218 2471 1255 2471 1292 2471 1328 2471 1365 2471 1402 2471 1439 2475 1475 2475 1512 2475 1549 2475 1585 2475 1622 2475 1659 2475 1696 2475 1732 2475 1769 2475 1795 2475 1942 2478 1953 2478 1989 2478 2026 2478 2063 2478 2099 2478 2110 2478 2481 2482 2492 2420 2489 2383 341 2376 341 2401"/></Shape>
	    <String CONTENT="קומיאמוס אה ארטורה מאס קיריאמוס מוריר אין מצרים אי קי נו מוס קיטארה איל דייו די אליי פורקי אגורה"
                    HPOS="337.0"
                    VPOS="2376.0"
                    WIDTH="2155.0"
                    HEIGHT="106.0"></String>
          </TextLine>

          
          
          <TextLine ID="eSc_line_a3e328b7"
                    
                    BASELINE="341 2469 2500 2491" 
                    HPOS="334.0"
                    VPOS="2442.0"
                    WIDTH="2162.0"
                    HEIGHT="110.0">
            <Shape><Polygon POINTS="337 2467 334 2533 367 2533 370 2533 407 2533 444 2533 480 2533 517 2533 554 2533 591 2533 627 2533 664 2533 693 2533 759 2537 774 2537 811 2537 848 2537 884 2537 921 2537 958 2537 994 2537 1031 2537 1053 2537 1189 2541 1215 2541 1251 2541 1288 2541 1325 2541 1362 2541 1398 2541 1417 2541 1622 2544 1655 2544 1692 2544 1729 2544 1765 2544 1776 2544 2052 2548 2059 2548 2096 2548 2099 2548 2485 2552 2496 2489 2496 2460 352 2442 337 2467"/></Shape>
	    <String CONTENT="נו טינימוס אוטרו קי אונה מאגנה סולה לה מאנייאנה איס איסטו אי לה טאדרי איס איסטו לה סימאנה אינטירה"
                    HPOS="334.0"
                    VPOS="2442.0"
                    WIDTH="2162.0"
                    HEIGHT="110.0"></String>
          </TextLine>

          
          
          <TextLine ID="eSc_line_554be783"
                    
                    BASELINE="348 2539 2496 2561" 
                    HPOS="341.0"
                    VPOS="2508.0"
                    WIDTH="2151.0"
                    HEIGHT="102.0">
            <Shape><Polygon POINTS="345 2537 341 2599 693 2603 708 2603 745 2603 781 2603 818 2603 855 2603 892 2603 928 2603 965 2603 1002 2603 1038 2603 1075 2607 1112 2607 1149 2607 1185 2607 1222 2607 1259 2607 1295 2607 1332 2607 1369 2607 1406 2607 1442 2607 1479 2607 1516 2607 1552 2607 1589 2607 1626 2607 1663 2607 1699 2607 1736 2607 1773 2610 1809 2610 1846 2610 1883 2610 1920 2610 1956 2610 1993 2610 2030 2610 2066 2610 2103 2610 2140 2610 2177 2610 2213 2610 2250 2610 2287 2610 2323 2610 2360 2610 2397 2610 2434 2610 2470 2610 2481 2610 2492 2559 2489 2530 345 2508 345 2537"/></Shape>
	    <String CONTENT="איס איסטו וייני שבת אוטרה ויז איס אישטו וייני מועד אוטרה ויז איס איסטו טינימוס אונה פ&#39;ייסטה אוטרה"
                    HPOS="341.0"
                    VPOS="2508.0"
                    WIDTH="2151.0"
                    HEIGHT="102.0"></String>
          </TextLine>

          
          
          <TextLine ID="eSc_line_1c91a278"
                    
                    BASELINE="341 2608 2492 2619" 
                    HPOS="334.0"
                    VPOS="2585.0"
                    WIDTH="2155.0"
                    HEIGHT="99.0">
            <Shape><Polygon POINTS="337 2607 334 2665 370 2665 407 2665 444 2665 480 2665 517 2665 554 2665 591 2665 627 2665 664 2665 701 2669 737 2669 774 2669 811 2669 848 2669 884 2669 921 2669 958 2669 994 2669 1031 2669 1068 2673 1105 2673 1141 2673 1178 2673 1215 2673 1251 2673 1288 2673 1325 2673 1362 2673 1398 2673 1435 2676 1472 2676 1508 2676 1545 2676 1582 2676 1619 2676 1655 2676 1692 2676 1729 2676 1765 2676 1791 2676 1938 2680 1949 2680 1986 2680 2022 2680 2059 2680 2096 2680 2107 2680 2478 2684 2489 2618 2485 2592 348 2585 337 2607"/></Shape>
	    <String CONTENT="ויז איס איסטו נואיסטרה אלמה טינימוס סיקה די טודו מודו די קוזה. אי טודו איסטו קי איב&#39;אש&#39; אב&#39;לאנדו"
                    HPOS="334.0"
                    VPOS="2585.0"
                    WIDTH="2155.0"
                    HEIGHT="99.0"></String>
          </TextLine>

          
          
          <TextLine ID="eSc_line_a470007e"
                    
                    BASELINE="337 2671 2496 2693" 
                    HPOS="330.0"
                    VPOS="2640.0"
                    WIDTH="2162.0"
                    HEIGHT="113.0">
            <Shape><Polygon POINTS="334 2669 330 2728 1670 2746 1688 2746 1725 2746 1762 2746 1773 2746 1942 2750 1945 2750 1982 2750 2019 2750 2055 2750 2092 2750 2129 2750 2158 2750 2210 2753 2239 2753 2276 2753 2312 2753 2349 2753 2386 2753 2423 2753 2459 2753 2481 2753 2492 2691 2489 2662 334 2640 334 2669"/></Shape>
	    <String CONTENT="אירה בוש&#39;קאר אג&#39;אקיס פארה פיליאר פורקי לה מאגנה לה סאב&#39;ור קי ב&#39;וס דיזיאב&#39;ה גואיסטרה אלמה ב&#39;וס"
                    HPOS="330.0"
                    VPOS="2640.0"
                    WIDTH="2162.0"
                    HEIGHT="113.0"></String>
          </TextLine>

          
          
          <TextLine ID="eSc_line_0a288bb3"
                    
                    BASELINE="337 2740 2496 2762" 
                    HPOS="330.0"
                    VPOS="2713.0"
                    WIDTH="2162.0"
                    HEIGHT="103.0">
            <Shape><Polygon POINTS="334 2739 330 2801 682 2805 697 2805 734 2805 770 2805 807 2805 844 2805 859 2805 1042 2808 1064 2808 1101 2808 1138 2808 1174 2808 1211 2808 1248 2808 1284 2808 1321 2808 1358 2808 1395 2808 1431 2812 1468 2812 1505 2812 1541 2812 1578 2812 1615 2812 1652 2812 1688 2812 1725 2812 1762 2812 1798 2812 1835 2812 1872 2812 1909 2812 1945 2812 1982 2816 2019 2816 2055 2816 2092 2816 2129 2816 2166 2816 2202 2816 2239 2816 2276 2816 2312 2816 2349 2816 2386 2816 2423 2816 2459 2816 2481 2816 2492 2761 2489 2735 334 2713 334 2739"/></Shape>
	    <String CONTENT="טיניאה. ב&#39;וס דיזיאב&#39;ה קארני ב&#39;וס טיניאה סאב&#39;ור די קארני. ב&#39;וס דיזיאב&#39;ה גואיסטרה אלמה קומיר מודוס"
                    HPOS="330.0"
                    VPOS="2713.0"
                    WIDTH="2162.0"
                    HEIGHT="103.0"></String>
          </TextLine>

          
          
          <TextLine ID="eSc_line_5754ec9a"
                    
                    BASELINE="348 2810 2492 2825" 
                    HPOS="341.0"
                    VPOS="2779.0"
                    WIDTH="2148.0"
                    HEIGHT="110.0">
            <Shape><Polygon POINTS="345 2808 341 2871 378 2871 414 2871 451 2871 488 2871 524 2871 561 2871 598 2871 635 2871 660 2871 763 2874 781 2874 818 2874 855 2874 892 2874 928 2874 943 2874 1193 2878 1222 2878 1222 2878 2478 2889 2489 2823 2485 2797 345 2779 345 2808"/></Shape>
	    <String CONTENT="די אב&#39;יס ב&#39;וס טיניאה לה סאב&#39;ור די לו קי קיריאש&#39;. ב&#39;וס דיזיאב&#39;ה איל אלמה קומידאס די קיזו ב&#39;וס טיניאה"
                    HPOS="341.0"
                    VPOS="2779.0"
                    WIDTH="2148.0"
                    HEIGHT="110.0"></String>
          </TextLine>

          
          
          <TextLine ID="eSc_line_d45814ac"
                    
                    BASELINE="348 2876 2489 2902" 
                    HPOS="341.0"
                    VPOS="2845.0"
                    WIDTH="2144.0"
                    HEIGHT="110.0">
            <Shape><Polygon POINTS="345 2874 341 2929 378 2929 414 2929 451 2929 488 2929 524 2929 561 2929 598 2929 635 2933 671 2933 708 2933 745 2933 781 2933 818 2933 855 2933 892 2937 928 2937 965 2937 1002 2937 1038 2937 1075 2937 1112 2937 1149 2940 1185 2940 1222 2940 1259 2940 1295 2940 1332 2940 1369 2940 1406 2940 1442 2944 1479 2944 1516 2944 1552 2944 1589 2944 1626 2944 1663 2944 1699 2948 1736 2948 1773 2948 1809 2948 1846 2948 1883 2948 1920 2948 1945 2948 2044 2951 2066 2951 2103 2951 2140 2951 2177 2951 2213 2951 2228 2951 2474 2955 2485 2900 2481 2871 345 2845 345 2874"/></Shape>
	    <String CONTENT="סאב&#39;ור די קומידאס די קיזו . איל כלל אירה קי לה סאב&#39;ור קי קיריאש&#39; ב&#39;וס טיניאה לה מאגנה. *אי אפילו סי"
                    HPOS="341.0"
                    VPOS="2845.0"
                    WIDTH="2144.0"
                    HEIGHT="110.0"></String>
          </TextLine>

          
          
          <TextLine ID="eSc_line_7a7ad3b5"
                    
                    BASELINE="337 2935 2496 2964" 
                    HPOS="330.0"
                    VPOS="2900.0"
                    WIDTH="2162.0"
                    HEIGHT="125.0">
            <Shape><Polygon POINTS="334 2933 330 2995 2481 3025 2492 2962 2489 2937 334 2900 334 2933"/></Shape>
	    <String CONTENT="דיריש&#39; וידרה איס קי לייא מוס טיניאה סאב&#39;ור די לו קי מוס דיזיאב&#39;ה איל אלמה מא נו לה ויאמוס לה קארני"
                    HPOS="330.0"
                    VPOS="2900.0"
                    WIDTH="2162.0"
                    HEIGHT="125.0"></String>
          </TextLine>

          
          
          <TextLine ID="eSc_line_48fe7b17"
                    
                    BASELINE="341 3012 2485 3034" 
                    HPOS="334.0"
                    VPOS="2977.0"
                    WIDTH="2147.0"
                    HEIGHT="121.0">
            <Shape><Polygon POINTS="337 3010 334 3076 367 3076 370 3072 407 3072 444 3072 480 3072 517 3072 554 3072 591 3076 627 3076 664 3076 701 3076 737 3076 774 3076 811 3076 848 3080 884 3080 921 3080 958 3080 994 3080 1031 3080 1068 3083 1105 3083 1141 3083 1178 3083 1215 3083 1251 3083 1288 3083 1314 3083 1398 3087 1435 3087 1472 3087 1508 3087 1519 3087 1754 3091 1765 3091 1765 3091 2470 3098 2481 3032 2478 3003 337 2977 337 3010"/></Shape>
	    <String CONTENT="קון איל אוג&#39;ו קי איל וירלה קון איל אוג&#39;ו ארטה מונג&#39;ו איל אלמה קואנדו סאליסטיש&#39;די מצרים ייא קיטאסטיש&#39;"
                    HPOS="334.0"
                    VPOS="2977.0"
                    WIDTH="2147.0"
                    HEIGHT="121.0"></String>
          </TextLine>

          
          
          <TextLine ID="eSc_line_e68c1451"
                    
                    BASELINE="348 3078 2485 3111" 
                    HPOS="341.0"
                    VPOS="3047.0"
                    WIDTH="2140.0"
                    HEIGHT="121.0">
            <Shape><Polygon POINTS="345 3076 341 3138 378 3138 414 3138 451 3138 488 3138 524 3138 561 3138 598 3142 635 3142 671 3142 708 3142 745 3142 781 3142 818 3142 855 3146 892 3146 928 3146 965 3146 1002 3146 1038 3146 1075 3149 1112 3149 1149 3149 1185 3149 1222 3149 1259 3149 1295 3149 1332 3153 1369 3153 1406 3153 1442 3153 1479 3153 1516 3153 1552 3157 1589 3157 1626 3157 1663 3157 1699 3157 1736 3157 1773 3157 1809 3160 1846 3160 1883 3160 1920 3160 1956 3160 1993 3160 2030 3164 2066 3164 2103 3164 2140 3164 2177 3164 2213 3164 2250 3164 2287 3168 2323 3168 2360 3168 2397 3168 2434 3168 2470 3168 2470 3168 2481 3109 2478 3080 345 3047 345 3076"/></Shape>
	    <String CONTENT="קון ב&#39;וזוטרוס מונג&#39;אס אוב&#39;יג&#39;אס אי מונג&#39;אס ואקאס סיגון דיזי איל פסוק וגם ערב רב עלה אתם וצאן ובקר"
                    HPOS="341.0"
                    VPOS="3047.0"
                    WIDTH="2140.0"
                    HEIGHT="121.0"></String>
          </TextLine>

          
          
          <TextLine ID="eSc_line_97d0d96a"
                    
                    BASELINE="348 3144 2496 3177" 
                    HPOS="341.0"
                    VPOS="3113.0"
                    WIDTH="2151.0"
                    HEIGHT="113.0">
            <Shape><Polygon POINTS="345 3142 341 3208 2481 3226 2492 3175 2492 3142 345 3113 345 3142"/></Shape>
	    <String CONTENT="מקנה כבד מאד קירי דיזיר קי קיטארון די מצרים שומה גראנדי די אוב&#39;יג&#39;אס אי ואקאס אי טאמיין פיש&#39;קאדו"
                    HPOS="341.0"
                    VPOS="3113.0"
                    WIDTH="2151.0"
                    HEIGHT="113.0"></String>
          </TextLine>

          
          
          <TextLine ID="eSc_line_25850fdb"
                    
                    BASELINE="341 3217 2492 3243" 
                    HPOS="334.0"
                    VPOS="3190.0"
                    WIDTH="2155.0"
                    HEIGHT="106.0">
            <Shape><Polygon POINTS="337 3215 334 3263 2478 3296 2489 3241 2485 3201 348 3190 337 3215"/></Shape>
	    <String CONTENT="מונג&#39;ו ליס סוב&#39;יאה די איל פוזו קי איב&#39;ה קאמינאנדו קון אילייוס איניל מדבר . סי נו קי גואיסטרו מכוון אירה"
                    HPOS="334.0"
                    VPOS="3190.0"
                    WIDTH="2155.0"
                    HEIGHT="106.0"></String>
          </TextLine>

          
          
          <TextLine ID="eSc_line_0b2613d4"
                    
                    BASELINE="345 3283 2489 3312" 
                    HPOS="337.0"
                    VPOS="3248.0"
                    WIDTH="2148.0"
                    HEIGHT="118.0">
            <Shape><Polygon POINTS="341 3281 337 3344 1556 3358 1585 3358 1622 3358 1630 3358 1861 3362 1879 3362 1916 3362 1953 3362 1989 3362 2026 3362 2048 3362 2166 3366 2173 3366 2210 3366 2246 3366 2283 3366 2320 3366 2356 3366 2393 3366 2430 3366 2467 3366 2474 3366 2485 3311 2481 3274 341 3248 341 3281"/></Shape>
	    <String CONTENT="בוש&#39;קאר אג&#39;אקיס פארה בולטאר אוטרה ויז אה מצרים אי קון טודו איסטו איל שי&quot;ת ב&#39;וס אינביאו קארני אי"
                    HPOS="337.0"
                    VPOS="3248.0"
                    WIDTH="2148.0"
                    HEIGHT="118.0"></String>
          </TextLine>

          
          
          <TextLine ID="eSc_line_1e710c71"
                    
                    BASELINE="345 3356 2485 3375" 
                    HPOS="337.0"
                    VPOS="3325.0"
                    WIDTH="2144.0"
                    HEIGHT="107.0">
            <Shape><Polygon POINTS="341 3355 337 3406 374 3406 411 3406 447 3406 484 3406 521 3406 558 3406 594 3410 631 3410 668 3410 704 3410 741 3410 778 3410 815 3410 851 3413 888 3413 925 3413 961 3413 998 3413 1035 3413 1072 3417 1108 3417 1145 3417 1182 3417 1218 3417 1255 3417 1292 3417 1317 3417 1402 3421 1439 3421 1475 3421 1512 3421 1523 3421 1758 3424 1769 3424 1769 3424 2470 3432 2481 3373 2478 3344 341 3325 341 3355"/></Shape>
	    <String CONTENT="סי אראב&#39;ייו איל שי&quot;ת פור טודו איסטו קון ב&#39;וזוטרוס אי ב&#39;וס אפינו קון אקיאה מאלה מואירטי סיגון סי"
                    HPOS="337.0"
                    VPOS="3325.0"
                    WIDTH="2144.0"
                    HEIGHT="107.0"></String>
          </TextLine>

          
          
          <TextLine ID="eSc_line_e4e4b466"
                    
                    BASELINE="345 3411 2492 3444" 
                    HPOS="337.0"
                    VPOS="3384.0"
                    WIDTH="2152.0"
                    HEIGHT="114.0">
            <Shape><Polygon POINTS="341 3410 337 3468 1523 3487 1549 3487 1552 3487 1762 3490 1769 3490 1806 3490 1842 3490 1853 3490 2000 3494 2026 3494 2063 3494 2099 3494 2136 3494 2173 3494 2202 3494 2239 3498 2246 3498 2283 3498 2320 3498 2356 3498 2393 3498 2430 3498 2467 3498 2478 3498 2489 3443 2489 3417 341 3384 341 3410"/></Shape>
	    <String CONTENT="אב&#39;יזו אין לה פרשה די בהעלומך. אי לי רוגי אה איל שי&quot;ת אי לי דיש&#39;י סינייור די איל מונדו מאטאמי אהמי"
                    HPOS="337.0"
                    VPOS="3384.0"
                    WIDTH="2152.0"
                    HEIGHT="114.0"></String>
          </TextLine>

          
          
          <TextLine ID="eSc_line_f93925a9"
                    
                    BASELINE="348 3481 2492 3507" 
                    HPOS="341.0"
                    VPOS="3457.0"
                    WIDTH="2148.0"
                    HEIGHT="110.0">
            <Shape><Polygon POINTS="345 3479 341 3534 2478 3567 2489 3505 2489 3483 345 3457 345 3479"/></Shape>
	    <String CONTENT="אינפרימירו אי נו וירי איניל מאל קי ליס טייני קי ויניר. אי איס משל אה און אומברי קי לו לייב&#39;אב&#39;אן"
                    HPOS="341.0"
                    VPOS="3457.0"
                    WIDTH="2148.0"
                    HEIGHT="110.0"></String>
          </TextLine>

          
          
          <TextLine ID="eSc_line_aab31615"
                    
                    BASELINE="345 3551 2492 3576" 
                    HPOS="337.0"
                    VPOS="3512.0"
                    WIDTH="2152.0"
                    HEIGHT="121.0">
            <Shape><Polygon POINTS="341 3549 337 3608 2478 3633 2489 3575 2489 3545 341 3512 341 3549"/></Shape>
	    <String CONTENT="פארה מאטאר אה איל אי אה סוס איג&#39;וס אי לי רוגו אה איל קי לוס איב&#39;ה אה מאטאר קי לו מאטארה אאיל"
                    HPOS="337.0"
                    VPOS="3512.0"
                    WIDTH="2152.0"
                    HEIGHT="121.0"></String>
          </TextLine>

          
          
          <TextLine ID="eSc_line_585d144e"
                    
                    BASELINE="345 3617 2492 3646" 
                    HPOS="337.0"
                    VPOS="3589.0"
                    WIDTH="2152.0"
                    HEIGHT="114.0">
            <Shape><Polygon POINTS="341 3615 337 3677 2478 3703 2489 3644 2485 3608 341 3589 341 3615"/></Shape>
	    <String CONTENT="אינפרימירו פארה נו ויר לה מואירטי די סוס איג&#39;וס. לו מיזמו משה דימאנדו דיל שי&quot;ת קי לו מאטארה אאיל"
                    HPOS="337.0"
                    VPOS="3589.0"
                    WIDTH="2152.0"
                    HEIGHT="114.0"></String>
          </TextLine>

          
          
          <TextLine ID="eSc_line_77735250"
                    
                    BASELINE="345 3686 2492 3716" 
                    HPOS="337.0"
                    VPOS="3655.0"
                    WIDTH="2152.0"
                    HEIGHT="110.0">
            <Shape><Polygon POINTS="341 3685 337 3740 2478 3765 2489 3714 2489 3681 341 3655 341 3685"/></Shape>
	    <String CONTENT="אינפרימירו פארה נו ויר איל מאל קי ליס טיניאה די ויניר סוב&#39;רי אילייוס. אי סיינדו וידי איל מאל קי ב&#39;וס"
                    HPOS="337.0"
                    VPOS="3655.0"
                    WIDTH="2152.0"
                    HEIGHT="110.0"></String>
          </TextLine>

          
          
          <TextLine ID="eSc_line_d07f0bd7"
                    
                    BASELINE="348 3756 2485 3785" 
                    HPOS="341.0"
                    VPOS="3721.0"
                    WIDTH="2140.0"
                    HEIGHT="121.0">
            <Shape><Polygon POINTS="345 3754 341 3813 378 3813 414 3813 451 3813 488 3813 524 3813 561 3813 594 3813 602 3817 635 3817 671 3817 708 3817 745 3817 781 3817 807 3817 870 3820 892 3820 928 3820 965 3820 1002 3820 1038 3820 1064 3820 1134 3824 1149 3824 1185 3824 1222 3824 1259 3824 1277 3824 1402 3828 1406 3828 1442 3828 1479 3828 1516 3828 1530 3828 1670 3831 1699 3831 1736 3831 1743 3831 1934 3835 1956 3835 1993 3835 2000 3835 2202 3839 2213 3839 2213 3839 2470 3842 2481 3784 2478 3747 345 3721 345 3754"/></Shape>
	    <String CONTENT="טיניאה קי ויניר לי רוגי אל שי&quot;ת אי לי דיש&#39;י סינייור די איל מונדו לי דיזין אה און אומברי טומה איסטה בולסה"
                    HPOS="341.0"
                    VPOS="3721.0"
                    WIDTH="2140.0"
                    HEIGHT="121.0"></String>
          </TextLine>

          
          
          <TextLine ID="eSc_line_c1993f70"
                    
                    BASELINE="345 3818 2492 3851" 
                    HPOS="337.0"
                    VPOS="3791.0"
                    WIDTH="2152.0"
                    HEIGHT="114.0">
            <Shape><Polygon POINTS="341 3817 337 3875 2478 3905 2489 3850 2489 3824 341 3791 341 3817"/></Shape>
	    <String CONTENT="אי דוקאדוס אי דיספואיס טי קורטארי לה קאב&#39;יסה. לו מיזמו איש אישטו קי מיג&#39;ור איס קי נו ליס דיס"
                    HPOS="337.0"
                    VPOS="3791.0"
                    WIDTH="2152.0"
                    HEIGHT="114.0"></String>
          </TextLine>

          
          
          <TextLine ID="eSc_line_1d65fe20"
                    
                    BASELINE="340 3889 2489 3914" 
                    HPOS="334.0"
                    VPOS="3861.0"
                    WIDTH="2151.0"
                    HEIGHT="110.0">
            <Shape><Polygon POINTS="337 3886 334 3952 2474 3971 2485 3912 2485 3886 337 3861 337 3886"/></Shape>
	    <String CONTENT="קארני אי קי נו לוס אפיניס קון איסטה מאלה מואירטי. אי מי דיש&#39;ו איל שי&quot;ת *די טו קי קיריס קי אגה סי נו"
                    HPOS="334.0"
                    VPOS="3861.0"
                    WIDTH="2151.0"
                    HEIGHT="110.0"></String>
          </TextLine>

          
          
          <TextLine ID="eSc_line_c3268244"
                    
                    BASELINE="341 3961 2489 3987" 
                    HPOS="334.0"
                    VPOS="3923.0"
                    WIDTH="2151.0"
                    HEIGHT="194.0">
            <Shape><Polygon POINTS="337 3960 334 4048 455 4095 458 4095 737 4099 741 4099 745 4099 748 4099 804 4059 840 4088 844 4088 848 4088 969 4103 972 4103 976 4103 1097 4070 1108 4066 1123 4070 1211 4103 1215 4103 1530 4106 1534 4106 1538 4106 1541 4106 1567 4084 1600 4059 1861 4059 2228 4062 2268 4106 2279 4114 2279 4117 2283 4117 2287 4117 2290 4117 2478 4110 2485 3985 2481 3949 337 3923 337 3960"/></Shape>
	    <String CONTENT="ליס דו קארני טיינין קי דיזיר קי נו אוב&#39;ו פ&#39;ואירסה אין מי אה אבאסטיסירליס קארני אה טודוס איסטוס קי סי"
                    HPOS="334.0"
                    VPOS="3923.0"
                    WIDTH="2151.0"
                    HEIGHT="194.0"></String>
          </TextLine>

          
        </TextBlock>
        

        
      </PrintSpace>
    </Page>
  </Layout>
</alto>
