<?xml version="1.0" encoding="UTF-8"?>
<alto xmlns:xsi="http://www.w3.org/2001/XMLSchema-instance"
      xmlns="http://www.loc.gov/standards/alto/ns-v4#"
      xsi:schemaLocation="http://www.loc.gov/standards/alto/ns-v4# http://www.loc.gov/standards/alto/v4/alto-4-2.xsd">
  <Description>
    <MeasurementUnit>pixel</MeasurementUnit>
    <sourceImageInformation>
      <fileName>Meam Loez Devarim Kushtandina 1773_28.jpg</fileName>
      
    </sourceImageInformation>
  </Description>
  
  <Layout>
    <Page WIDTH="2680"
          HEIGHT="4448"
          PHYSICAL_IMG_NR="27"
          ID="eSc_dummypage_">
      <PrintSpace HPOS="0"
                  VPOS="0"
                  WIDTH="2680"
                  HEIGHT="4448">
        
        <TextBlock HPOS="133.0"
                   VPOS="177.0"
                   WIDTH="2458.0"
                   HEIGHT="3941.0"
                   ID="eSc_textblock_834a9451"
                   >
          <Shape><Polygon POINTS="2591 945 2309 948 2279 4073 533 4058 311 4118 148 4043 133 1008 148 222 192 177 2309 222 2309 752 2576 770 2591 945"/></Shape>
          
          
          <TextLine ID="eSc_line_f6a54ad3"
                    
                    BASELINE="163 198 2290 239" 
                    HPOS="155.0"
                    VPOS="159.0"
                    WIDTH="2132.0"
                    HEIGHT="130.0">
            <Shape><Polygon POINTS="2268 218 2231 218 2194 218 2157 218 2120 214 2083 214 2046 214 2009 214 1972 214 1934 211 1897 211 1860 211 1823 211 1786 211 1749 207 1716 207 1679 207 1642 207 1605 207 1567 203 1530 203 1493 203 1456 203 1419 200 1382 200 1345 200 1308 200 1271 200 1234 196 1197 196 1160 196 1123 196 1086 196 1049 192 1011 192 974 192 937 192 900 192 863 189 826 189 789 189 752 189 715 185 678 185 641 185 604 185 567 185 530 181 493 181 455 181 418 181 381 181 344 177 307 177 270 177 233 177 196 177 189 159 159 159 159 196 155 248 1293 274 1304 274 1304 274 1456 278 1490 278 1527 278 1564 278 1593 278 1619 281 1638 281 1675 281 1712 281 1749 281 1786 281 1823 285 1860 285 1897 285 1934 285 1972 285 2009 285 2046 285 2083 289 2120 289 2157 289 2194 289 2231 289 2268 289 2275 289 2287 237 2283 218 2268 218"/></Shape>
	    <String CONTENT="פורקי נו איס בואינה נו קירי קי אינביאימוס איסקולקאס אי מי דיש&#39;ו איל שי&quot;ת ב&#39;א אינביאליס איסקולקאס."
                    HPOS="155.0"
                    VPOS="159.0"
                    WIDTH="2132.0"
                    HEIGHT="130.0"></String>
          </TextLine>

          
          
          <TextLine ID="eSc_line_6c2e744c"
                    
                    BASELINE="166 265 2290 298" 
                    HPOS="159.0"
                    VPOS="237.0"
                    WIDTH="2128.0"
                    HEIGHT="118.0">
            <Shape><Polygon POINTS="163 263 159 318 2275 355 2287 296 2283 270 163 237 163 263"/></Shape>
	    <String CONTENT="אי רבי יאושע לו אסימיג&#39;ה איסטו אה און ריי קי לי אפאריג&#39;ו אה סו איג&#39;ו אונה מוג&#39;יר אירמוזה אי די משפחה"
                    HPOS="159.0"
                    VPOS="237.0"
                    WIDTH="2128.0"
                    HEIGHT="118.0"></String>
          </TextLine>

          
          
          <TextLine ID="eSc_line_e171d97c"
                    
                    BASELINE="166 339 2290 369" 
                    HPOS="159.0"
                    VPOS="296.0"
                    WIDTH="2128.0"
                    HEIGHT="126.0">
            <Shape><Polygon POINTS="163 337 159 392 196 392 233 392 270 392 307 392 344 392 381 392 418 396 455 396 493 396 530 396 567 396 604 396 641 400 678 400 715 400 752 400 789 400 826 400 863 400 900 404 937 404 974 404 1011 404 1049 404 1086 404 1123 407 1160 407 1197 407 1234 407 1271 407 1308 407 1345 411 1382 411 1419 411 1456 411 1493 411 1530 411 1567 411 1605 415 1642 415 1679 415 1716 415 1753 415 1790 415 1827 418 1864 418 1901 418 1938 418 1975 418 2012 418 2049 422 2086 422 2123 422 2161 422 2198 422 2235 422 2272 422 2275 422 2287 366 2283 333 163 296 163 337"/></Shape>
	    <String CONTENT="אי לי דיש&#39;ו איל ריי אה איל איג&#39;ו לייא טי אפאריג&#39;י אונה מוג&#39;יר אירמוזה אי די משפחה אי ריקה אי נו סי"
                    HPOS="159.0"
                    VPOS="296.0"
                    WIDTH="2128.0"
                    HEIGHT="126.0"></String>
          </TextLine>

          
          
          <TextLine ID="eSc_line_9caddef9"
                    
                    BASELINE="163 398 2287 432" 
                    HPOS="155.0"
                    VPOS="370.0"
                    WIDTH="2128.0"
                    HEIGHT="119.0">
            <Shape><Polygon POINTS="159 396 155 459 2272 489 2283 429 2279 404 159 370 159 396"/></Shape>
	    <String CONTENT="קריאו איל איג&#39;ו דיל פאדרי אי דיש&#39;ו קי קיריאה איר איל אה וירלה אי לי וינו מוי פ&#39;ואירטי אה איל פאדרי"
                    HPOS="155.0"
                    VPOS="370.0"
                    WIDTH="2128.0"
                    HEIGHT="119.0"></String>
          </TextLine>

          
          
          <TextLine ID="eSc_line_e19e4562"
                    
                    BASELINE="163 469 2287 502" 
                    HPOS="155.0"
                    VPOS="441.0"
                    WIDTH="2128.0"
                    HEIGHT="115.0">
            <Shape><Polygon POINTS="159 467 155 518 2272 556 2283 500 2279 463 159 441 159 467"/></Shape>
	    <String CONTENT="אי דיש&#39;ו איל פאדרי קי ארי סי אגורה נו לי דיגו קי לה ויאה אגורה דיזי קי לו קי לה אלאב&#39;י ייו אי דיש&#39;י קי"
                    HPOS="155.0"
                    VPOS="441.0"
                    WIDTH="2128.0"
                    HEIGHT="115.0"></String>
          </TextLine>

          
          
          <TextLine ID="eSc_line_0475c4a6"
                    
                    BASELINE="159 535 2287 572" 
                    HPOS="151.0"
                    VPOS="504.0"
                    WIDTH="2132.0"
                    HEIGHT="126.0">
            <Shape><Polygon POINTS="155 533 151 585 1779 622 1782 622 1782 622 1942 626 1968 626 2005 626 2042 626 2068 626 2105 630 2116 630 2153 630 2190 630 2227 630 2264 630 2272 630 2283 570 2279 541 155 504 155 533"/></Shape>
	    <String CONTENT="אירה אירמוזה אירה מינטירה. פארה איסטו קי ב&#39;אלייא אי קי לה ויאה אי קי סיפה סי לי אב&#39;לי וידרה או"
                    HPOS="151.0"
                    VPOS="504.0"
                    WIDTH="2132.0"
                    HEIGHT="126.0"></String>
          </TextLine>

          
          
          <TextLine ID="eSc_line_b81ccd94"
                    
                    BASELINE="163 606 2290 639" 
                    HPOS="155.0"
                    VPOS="574.0"
                    WIDTH="2132.0"
                    HEIGHT="115.0">
            <Shape><Polygon POINTS="159 604 155 667 192 667 229 667 266 667 303 667 341 667 378 667 415 667 444 667 504 670 526 670 563 670 600 670 637 670 674 670 693 670 859 674 897 674 934 674 941 674 2275 689 2287 637 2287 600 159 574 159 604"/></Shape>
	    <String CONTENT="מינטירה אינפירו איל נו לה טומארה סו איג&#39;ו לה טומארה. לו מיזמו פ&#39;ואי איסטו קי דיש&#39;ו איל שי&quot;ת קי"
                    HPOS="155.0"
                    VPOS="574.0"
                    WIDTH="2132.0"
                    HEIGHT="115.0"></String>
          </TextLine>

          
          
          <TextLine ID="eSc_line_2cb1b130"
                    
                    BASELINE="159 672 2283 702" 
                    HPOS="151.0"
                    VPOS="644.0"
                    WIDTH="2128.0"
                    HEIGHT="123.0">
            <Shape><Polygon POINTS="155 670 151 722 2268 767 2279 700 2275 674 155 644 155 670"/></Shape>
	    <String CONTENT="אינביאין איסקולקאס . פירו אילייוס נו טירנאן זכות די וירלה מא סום איג&#39;וס איראן אי לה אירידאראן אי"
                    HPOS="151.0"
                    VPOS="644.0"
                    WIDTH="2128.0"
                    HEIGHT="123.0"></String>
          </TextLine>

          
          
          <TextLine ID="eSc_line_a8a8cf82"
                    
                    BASELINE="159 743 2279 780" 
                    HPOS="151.0"
                    VPOS="696.0"
                    WIDTH="2124.0"
                    HEIGHT="134.0">
            <Shape><Polygon POINTS="155 741 151 793 2264 830 2275 778 2272 745 155 696 155 741"/></Shape>
	    <String CONTENT="ב&#39;וש אינביאי אה אונו די קאדה שבט קי פ&#39;ואיראן אי קי לה מיראראן לה טיירה. אי דיש&#39;ו איל שי&quot;ת סי לוס"
                    HPOS="151.0"
                    VPOS="696.0"
                    WIDTH="2124.0"
                    HEIGHT="134.0"></String>
          </TextLine>

          
          
          <TextLine ID="eSc_line_19603303"
                    
                    BASELINE="159 806 2275 843" 
                    HPOS="151.0"
                    VPOS="763.0"
                    WIDTH="2121.0"
                    HEIGHT="137.0">
            <Shape><Polygon POINTS="155 804 151 859 2261 900 2272 841 2268 811 155 763 155 804"/></Shape>
	    <String CONTENT="וין אגורה לוס כנענים לואיגו לוס קונוסין קי סון ג&#39;ודייוס אי לואיגו לוס אקוג&#39;ין אי לוס מאטאן. קי איזו איל"
                    HPOS="151.0"
                    VPOS="763.0"
                    WIDTH="2121.0"
                    HEIGHT="137.0"></String>
          </TextLine>

          
          
          <TextLine ID="eSc_line_09c0ed3c"
                    
                    BASELINE="155 873 2283 910" 
                    HPOS="148.0"
                    VPOS="845.0"
                    WIDTH="2131.0"
                    HEIGHT="122.0">
            <Shape><Polygon POINTS="151 871 148 922 2268 967 2279 908 2279 871 151 845 151 871"/></Shape>
	    <String CONTENT="שי&quot;ת אין קאדה סיב&#39;דאד קי איב&#39;אן מאטאב&#39;ה איל שי&quot;ת אה איל גראנדי די לה סיב&#39;דאד פארה קי סי אינטרי"
                    HPOS="148.0"
                    VPOS="845.0"
                    WIDTH="2131.0"
                    HEIGHT="122.0"></String>
          </TextLine>

          
          
          <TextLine ID="eSc_line_44f66b62"
                    
                    BASELINE="155 939 2287 980" 
                    HPOS="148.0"
                    VPOS="908.0"
                    WIDTH="2135.0"
                    HEIGHT="133.0">
            <Shape><Polygon POINTS="151 937 148 989 2272 1041 2283 978 2283 945 151 908 151 937"/></Shape>
	    <String CONTENT="מיטייראן טודה לה סיב&#39;דאד איניל פארה אינטירארלו אי נו טוב&#39;ייראן איל טינו אין אילייוס קי איראן מרגלים"
                    HPOS="148.0"
                    VPOS="908.0"
                    WIDTH="2135.0"
                    HEIGHT="133.0"></String>
          </TextLine>

          
          
          <TextLine ID="eSc_line_cc02bef0"
                    
                    BASELINE="148 1010 2283 1051" 
                    HPOS="140.0"
                    VPOS="974.0"
                    WIDTH="2139.0"
                    HEIGHT="134.0">
            <Shape><Polygon POINTS="144 1008 140 1071 177 1071 214 1071 252 1071 289 1071 326 1071 363 1074 400 1074 437 1074 474 1074 511 1074 548 1078 585 1078 622 1078 659 1078 696 1078 733 1082 771 1082 808 1082 845 1082 882 1082 919 1082 956 1086 993 1086 1030 1086 1067 1086 1104 1086 1141 1089 1178 1089 1215 1089 1252 1089 1289 1089 1327 1093 1364 1093 1401 1093 1438 1093 1475 1093 1512 1097 1549 1097 1586 1097 1623 1097 1660 1097 1697 1097 1734 1100 1771 1100 1808 1100 1845 1100 1883 1100 1920 1104 1957 1104 1994 1104 2031 1104 2068 1104 2105 1108 2142 1108 2179 1108 2216 1108 2253 1108 2268 1108 2279 1048 2279 1019 144 974 144 1008"/></Shape>
	    <String CONTENT="סיגון סי אב&#39;יזו אין לה פרשה די שלח לך. אי קון איסטי ביין קי ב&#39;וס איזו לו איזישטיש&#39; אראב&#39;ייאר אל שי&quot;ת"
                    HPOS="140.0"
                    VPOS="974.0"
                    WIDTH="2139.0"
                    HEIGHT="134.0"></String>
          </TextLine>

          
          
          <TextLine ID="eSc_line_e00c4780"
                    
                    BASELINE="148 1077 2287 1117" 
                    HPOS="140.0"
                    VPOS="1045.0"
                    WIDTH="2143.0"
                    HEIGHT="126.0">
            <Shape><Polygon POINTS="144 1074 140 1137 348 1141 363 1141 363 1141 563 1145 585 1145 589 1145 774 1149 808 1149 845 1149 856 1149 989 1152 993 1152 1030 1152 1067 1152 1082 1152 1204 1156 1215 1156 1252 1156 1289 1156 1327 1156 1349 1156 1415 1160 1438 1160 1475 1160 1512 1160 1549 1160 1575 1160 1630 1163 1660 1163 1697 1163 1734 1163 1771 1163 1797 1163 1842 1167 1845 1167 1883 1167 1920 1167 1957 1167 1994 1167 2031 1167 2068 1171 2105 1171 2142 1171 2179 1171 2216 1171 2253 1171 2272 1171 2283 1115 2283 1086 144 1045 144 1074"/></Shape>
	    <String CONTENT="קי קואנטו ויסטיש&#39; קי סי מוריאן דיש&#39;יסטיש&#39; אין סיב&#39;דאד קי ואמוס נו וימוס אוטרו קי אינטיראר מואירטוס"
                    HPOS="140.0"
                    VPOS="1045.0"
                    WIDTH="2143.0"
                    HEIGHT="126.0"></String>
          </TextLine>

          
          
          <TextLine ID="eSc_line_06b71947"
                    
                    BASELINE="151 1147 2283 1180" 
                    HPOS="144.0"
                    VPOS="1115.0"
                    WIDTH="2135.0"
                    HEIGHT="123.0">
            <Shape><Polygon POINTS="148 1145 144 1197 1734 1230 1738 1230 1775 1230 1782 1230 1912 1234 1923 1234 1960 1234 1997 1234 2035 1234 2064 1234 2090 1238 2109 1238 2146 1238 2183 1238 2220 1238 2257 1238 2268 1238 2279 1178 2275 1149 148 1115 148 1145"/></Shape>
	    <String CONTENT="טיירה אפ&#39;ינאן סוס מוראדוריש אילייא. אי דיש&#39;ו איל שי&quot;ת קון איל ביין קי ב&#39;וס איזי אב&#39;וזוטרוס קון אקילייו"
                    HPOS="144.0"
                    VPOS="1115.0"
                    WIDTH="2135.0"
                    HEIGHT="123.0"></String>
          </TextLine>

          
          
          <TextLine ID="eSc_line_6ea14b95"
                    
                    BASELINE="148 1214 2283 1247" 
                    HPOS="140.0"
                    VPOS="1182.0"
                    WIDTH="2139.0"
                    HEIGHT="126.0">
            <Shape><Polygon POINTS="144 1212 140 1271 2268 1308 2279 1245 2275 1215 144 1182 144 1212"/></Shape>
	    <String CONTENT="פרופייו ב&#39;וס איסטאש&#39; קיש&#39;אנדו אי אב&#39;לאנדו מאל. אי סיינדו קי ויניירון לוס מרגלים סי פ&#39;ואירון קאדה אונו"
                    HPOS="140.0"
                    VPOS="1182.0"
                    WIDTH="2139.0"
                    HEIGHT="126.0"></String>
          </TextLine>

          
          
          <TextLine ID="eSc_line_e1fc03b4"
                    
                    BASELINE="151 1288 2275 1317" 
                    HPOS="144.0"
                    VPOS="1245.0"
                    WIDTH="2128.0"
                    HEIGHT="130.0">
            <Shape><Polygon POINTS="148 1286 144 1341 181 1341 218 1341 255 1341 292 1341 329 1341 366 1345 404 1345 441 1345 478 1345 515 1345 552 1349 589 1349 626 1349 663 1349 700 1349 737 1352 774 1352 811 1352 848 1352 885 1352 919 1352 934 1356 960 1356 997 1356 1034 1356 1071 1356 1108 1356 1134 1356 1200 1360 1219 1360 1256 1360 1293 1360 1308 1360 1464 1364 1479 1364 1479 1364 2261 1375 2272 1315 2268 1278 148 1245 148 1286"/></Shape>
	    <String CONTENT="אה סוס קאזאס לייוראנדו אי סי איג&#39;ארון אין לה פואירטה די סוס טיינדאס קומו אונוס דיזמאייאדוס אי ויניאן"
                    HPOS="144.0"
                    VPOS="1245.0"
                    WIDTH="2128.0"
                    HEIGHT="130.0"></String>
          </TextLine>

          
          
          <TextLine ID="eSc_line_2b08e279"
                    
                    BASELINE="148 1347 2283 1388" 
                    HPOS="140.0"
                    VPOS="1315.0"
                    WIDTH="2139.0"
                    HEIGHT="123.0">
            <Shape><Polygon POINTS="144 1345 140 1404 2268 1438 2279 1386 2279 1345 144 1315 144 1345"/></Shape>
	    <String CONTENT="סוש מוג&#39;יריש אי סוס איג&#39;וס אי סוס נואיראס אי ליש דימאנדאב&#39;אן קי טיניש&#39; סינייור איל סי אליב&#39;אנטאב&#39;ה"
                    HPOS="140.0"
                    VPOS="1315.0"
                    WIDTH="2139.0"
                    HEIGHT="123.0"></String>
          </TextLine>

          
          
          <TextLine ID="eSc_line_8bf751a1"
                    
                    BASELINE="148 1418 2283 1451" 
                    HPOS="140.0"
                    VPOS="1386.0"
                    WIDTH="2139.0"
                    HEIGHT="122.0">
            <Shape><Polygon POINTS="144 1415 140 1478 177 1478 214 1478 252 1478 289 1478 326 1478 363 1478 400 1482 437 1482 474 1482 511 1482 548 1482 585 1482 622 1486 659 1486 696 1486 733 1486 771 1486 808 1486 845 1486 882 1490 919 1490 956 1490 993 1490 1030 1490 1067 1490 1104 1493 1141 1493 1178 1493 1215 1493 1252 1493 1289 1493 1327 1493 1364 1497 1401 1497 1438 1497 1475 1497 1512 1497 1549 1497 1586 1501 1623 1501 1660 1501 1697 1501 1734 1501 1771 1501 1808 1504 1845 1504 1883 1504 1920 1504 1957 1504 1994 1504 2031 1504 2068 1508 2105 1508 2142 1508 2179 1508 2216 1508 2253 1508 2268 1508 2279 1449 2275 1419 144 1386 144 1415"/></Shape>
	    <String CONTENT="אי לוס ביזאב&#39;ה אי לוס אבראסאב&#39;ה אי ליס דיזיאה איג&#39;וס מיאוס טירני זכות די וירב&#39;וס אוטרה ויז קומו טיינין"
                    HPOS="140.0"
                    VPOS="1386.0"
                    WIDTH="2139.0"
                    HEIGHT="122.0"></String>
          </TextLine>

          
          
          <TextLine ID="eSc_line_80e0362e"
                    
                    BASELINE="148 1484 2287 1518" 
                    HPOS="140.0"
                    VPOS="1453.0"
                    WIDTH="2143.0"
                    HEIGHT="118.0">
            <Shape><Polygon POINTS="144 1482 140 1545 177 1545 214 1545 252 1545 289 1545 326 1545 352 1545 441 1549 474 1549 511 1549 518 1549 2272 1571 2283 1516 2279 1486 144 1453 144 1482"/></Shape>
	    <String CONTENT="די ויניר לוס אמורים אי פודיסטאר סוב&#39;רי נוזוטרוס אי מוס קאטיב&#39;אראן אי מוס ייב&#39;אראן קאדה אונו פור אונה"
                    HPOS="140.0"
                    VPOS="1453.0"
                    WIDTH="2143.0"
                    HEIGHT="118.0"></String>
          </TextLine>

          
          
          <TextLine ID="eSc_line_c0ce1841"
                    
                    BASELINE="144 1551 2279 1592" 
                    HPOS="137.0"
                    VPOS="1519.0"
                    WIDTH="2138.0"
                    HEIGHT="126.0">
            <Shape><Polygon POINTS="140 1549 137 1604 2264 1645 2275 1590 2272 1556 140 1519 140 1549"/></Shape>
	    <String CONTENT="ואנדה . אי אוליינדו טודו איסטו לי דימאנדאב&#39;אן סינייור קי ויסטיש&#39;. איל ריספונדיאה נו סי פואידי דיזיר לו"
                    HPOS="137.0"
                    VPOS="1519.0"
                    WIDTH="2138.0"
                    HEIGHT="126.0"></String>
          </TextLine>

          
          
          <TextLine ID="eSc_line_b0388ebd"
                    
                    BASELINE="144 1618 2275 1658" 
                    HPOS="137.0"
                    VPOS="1582.0"
                    WIDTH="2135.0"
                    HEIGHT="134.0">
            <Shape><Polygon POINTS="140 1616 137 1668 2261 1716 2272 1656 2268 1619 140 1582 140 1616"/></Shape>
	    <String CONTENT="קי וידי מונג&#39;ו מאל וידי אי אינפיסאב&#39;אן אה לייוראר אי מאוייאר טודוס סוס איג&#39;וס אי סוס איג&#39;אס אי סוס"
                    HPOS="137.0"
                    VPOS="1582.0"
                    WIDTH="2135.0"
                    HEIGHT="134.0"></String>
          </TextLine>

          
          
          <TextLine ID="eSc_line_dd47480e"
                    
                    BASELINE="144 1684 2283 1729" 
                    HPOS="137.0"
                    VPOS="1649.0"
                    WIDTH="2142.0"
                    HEIGHT="130.0">
            <Shape><Polygon POINTS="140 1682 137 1745 1315 1764 1323 1764 1323 1764 2268 1779 2279 1727 2279 1686 140 1649 140 1682"/></Shape>
	    <String CONTENT="נואיראס טודוס אה אונה בוז אסטה קי לו אואיאן סוס ויזינוס אי אינפישאב&#39;אן טאמביין אילייוס אה ייוראר"
                    HPOS="137.0"
                    VPOS="1649.0"
                    WIDTH="2142.0"
                    HEIGHT="130.0"></String>
          </TextLine>

          
          
          <TextLine ID="eSc_line_a939a6a4"
                    
                    BASELINE="148 1755 2279 1788" 
                    HPOS="140.0"
                    VPOS="1719.0"
                    WIDTH="2135.0"
                    HEIGHT="134.0">
            <Shape><Polygon POINTS="144 1753 140 1808 177 1808 214 1808 252 1808 289 1808 326 1812 363 1812 400 1812 437 1812 474 1816 511 1816 548 1816 585 1816 622 1816 659 1819 696 1819 733 1819 771 1819 808 1823 845 1823 882 1823 919 1823 956 1823 993 1827 1030 1827 1067 1827 1104 1827 1141 1831 1178 1831 1215 1831 1252 1831 1289 1831 1327 1834 1364 1834 1401 1834 1438 1834 1467 1834 1490 1838 1512 1838 1549 1838 1586 1838 1608 1838 1682 1842 1697 1842 1734 1842 1771 1842 1790 1842 1875 1845 1883 1845 1920 1845 1927 1845 2068 1849 2105 1849 2112 1849 2264 1853 2275 1786 2272 1753 144 1719 144 1753"/></Shape>
	    <String CONTENT="אסטה קי ב&#39;וס איזיסטיש&#39; טודוס ב&#39;וזוטרו אה לה אונה אי אינפיסאסטיש&#39; טודוס אין און ייורו אי און מאוייו אין"
                    HPOS="140.0"
                    VPOS="1719.0"
                    WIDTH="2135.0"
                    HEIGHT="134.0"></String>
          </TextLine>

          
          
          <TextLine ID="eSc_line_e8d749bd"
                    
                    BASELINE="148 1814 2283 1862" 
                    HPOS="140.0"
                    VPOS="1786.0"
                    WIDTH="2139.0"
                    HEIGHT="126.0">
            <Shape><Polygon POINTS="144 1812 140 1879 348 1882 363 1882 363 1882 563 1886 585 1886 589 1886 774 1890 808 1890 845 1890 856 1890 989 1894 993 1894 1030 1894 1067 1894 1082 1894 1200 1897 1215 1897 1252 1897 1289 1897 1327 1897 1352 1897 1415 1901 1438 1901 1475 1901 1512 1901 1549 1901 1575 1901 1627 1905 1660 1905 1697 1905 1734 1905 1771 1905 1801 1905 1842 1908 1845 1908 1883 1908 1920 1908 1957 1908 1994 1908 2031 1908 2068 1912 2105 1912 2142 1912 2179 1912 2216 1912 2253 1912 2268 1912 2279 1860 2279 1827 144 1786 144 1812"/></Shape>
	    <String CONTENT="גואיסטראס טיינדאס . אי פור אב&#39;יזו די איסטו דיזי איל פסוק ותשא כל העדה ויחנו את קולם ויבכו העם קירי"
                    HPOS="140.0"
                    VPOS="1786.0"
                    WIDTH="2139.0"
                    HEIGHT="126.0"></String>
          </TextLine>

          
          
          <TextLine ID="eSc_line_2e21bee4"
                    
                    BASELINE="148 1888 2283 1922" 
                    HPOS="140.0"
                    VPOS="1860.0"
                    WIDTH="2139.0"
                    HEIGHT="123.0">
            <Shape><Polygon POINTS="144 1886 140 1946 522 1953 548 1953 552 1953 715 1957 733 1957 771 1957 782 1957 911 1960 919 1960 956 1960 993 1960 1011 1960 1104 1964 1141 1964 1178 1964 1193 1964 1297 1968 1327 1968 1364 1968 1401 1968 1423 1968 1490 1971 1512 1971 1549 1971 1586 1971 1623 1971 1653 1971 1686 1975 1697 1975 1734 1975 1771 1975 1808 1975 1845 1975 1883 1979 1920 1979 1957 1979 1994 1979 2031 1979 2064 1979 2072 1983 2105 1983 2142 1983 2179 1983 2216 1983 2253 1983 2268 1983 2279 1920 2275 1894 144 1860 144 1886"/></Shape>
	    <String CONTENT="דיזיר קי אליב&#39;אנטארון טודו ישראל די אונה און מאולייו אי אינפיסארון טודום אה ייוראר אי אינפיסאסטיש&#39;"
                    HPOS="140.0"
                    VPOS="1860.0"
                    WIDTH="2139.0"
                    HEIGHT="123.0"></String>
          </TextLine>

          
          
          <TextLine ID="eSc_line_cdf7c04c"
                    
                    BASELINE="144 1955 2283 1992" 
                    HPOS="137.0"
                    VPOS="1920.0"
                    WIDTH="2142.0"
                    HEIGHT="126.0">
            <Shape><Polygon POINTS="140 1953 137 2016 174 2016 211 2016 248 2016 285 2016 322 2016 352 2016 400 2020 433 2020 470 2020 507 2020 544 2020 567 2020 667 2023 693 2023 730 2023 767 2023 782 2023 934 2027 952 2027 989 2027 997 2027 2268 2046 2279 1990 2275 1964 140 1920 140 1953"/></Shape>
	    <String CONTENT="אה אפידריארמוס קון פיידראס אמי אי אה אהרן מי אירמאנו אי ויניאן לאס נוב&#39;יס די לה אונרה אי ריסיב&#39;יאן"
                    HPOS="137.0"
                    VPOS="1920.0"
                    WIDTH="2142.0"
                    HEIGHT="126.0"></String>
          </TextLine>

          
          
          <TextLine ID="eSc_line_7cd1e83d"
                    
                    BASELINE="140 2022 2279 2059" 
                    HPOS="133.0"
                    VPOS="1994.0"
                    WIDTH="2142.0"
                    HEIGHT="122.0">
            <Shape><Polygon POINTS="137 2020 133 2083 2264 2116 2275 2057 2272 2020 137 1994 137 2020"/></Shape>
	    <String CONTENT="לאש פיידראש פארה קי נו מוס דאנייאראן אי אינפיסאסטיש אה דיזיר מאקארי מורייראמוס אין מצרים או"
                    HPOS="133.0"
                    VPOS="1994.0"
                    WIDTH="2142.0"
                    HEIGHT="122.0"></String>
          </TextLine>

          
          
          <TextLine ID="eSc_line_9cf35d9e"
                    
                    BASELINE="144 2096 2283 2125" 
                    HPOS="137.0"
                    VPOS="2064.0"
                    WIDTH="2142.0"
                    HEIGHT="115.0">
            <Shape><Polygon POINTS="140 2094 137 2153 170 2153 174 2149 211 2149 248 2149 285 2149 322 2149 359 2153 396 2153 433 2153 470 2153 507 2153 544 2157 581 2157 619 2157 656 2157 693 2157 726 2157 741 2160 767 2160 804 2160 841 2160 878 2160 915 2160 937 2160 1045 2164 1063 2164 1100 2164 1104 2164 2268 2179 2279 2123 2275 2097 140 2064 140 2094"/></Shape>
	    <String CONTENT="אין איסטי מדבר . אי סי אראב&#39;ייו איל שי&quot;ת קון ב&#39;וזוטרוס אי מי דיש&#39;ו אפילו לאס אומות העולם מי אונראן"
                    HPOS="137.0"
                    VPOS="2064.0"
                    WIDTH="2142.0"
                    HEIGHT="115.0"></String>
          </TextLine>

          
          
          <TextLine ID="eSc_line_82c8752e"
                    
                    BASELINE="148 2155 2283 2196" 
                    HPOS="140.0"
                    VPOS="2127.0"
                    WIDTH="2139.0"
                    HEIGHT="130.0">
            <Shape><Polygon POINTS="144 2153 140 2220 1842 2249 1845 2249 1845 2249 2268 2257 2279 2194 2275 2157 144 2127 144 2153"/></Shape>
	    <String CONTENT="אה מי סיגון דיזי איל פסוק ממזרח שמש ועד מבואו גדול שמי בגוים. אי ב&#39;וזוטרוס קואנטוס נסים ב&#39;וס איזי אה"
                    HPOS="140.0"
                    VPOS="2127.0"
                    WIDTH="2139.0"
                    HEIGHT="130.0"></String>
          </TextLine>

          
          
          <TextLine ID="eSc_line_699aaeb5"
                    
                    BASELINE="140 2229 2279 2266" 
                    HPOS="133.0"
                    VPOS="2198.0"
                    WIDTH="2142.0"
                    HEIGHT="122.0">
            <Shape><Polygon POINTS="137 2227 133 2283 982 2298 986 2298 986 2298 1834 2312 1838 2312 1838 2312 2049 2316 2060 2316 2060 2316 2264 2320 2275 2264 2275 2235 137 2198 137 2227"/></Shape>
	    <String CONTENT="ב&#39;וזוטרוש אי קון טודו איסטו מי איסטאש&#39; אזיינדומי אראב&#39;ייאר. סי און אומברי מירקה און איסקלאב&#39;ו"
                    HPOS="133.0"
                    VPOS="2198.0"
                    WIDTH="2142.0"
                    HEIGHT="122.0"></String>
          </TextLine>

          
          
          <TextLine ID="eSc_line_d96d3ad1"
                    
                    BASELINE="140 2292 2283 2329" 
                    HPOS="133.0"
                    VPOS="2264.0"
                    WIDTH="2146.0"
                    HEIGHT="123.0">
            <Shape><Polygon POINTS="137 2290 133 2350 515 2357 541 2357 544 2357 707 2361 726 2361 763 2361 774 2361 904 2364 911 2364 948 2364 986 2364 1004 2364 1097 2368 1134 2368 1171 2368 1186 2368 1293 2372 1319 2372 1356 2372 1393 2372 1415 2372 1486 2375 1504 2375 1542 2375 1579 2375 1616 2375 1645 2375 1682 2379 1690 2379 1727 2379 1764 2379 1801 2379 1838 2379 1871 2379 1875 2383 1912 2383 1949 2383 1986 2383 2023 2383 2060 2383 2098 2387 2135 2387 2172 2387 2209 2387 2246 2387 2268 2387 2279 2327 2279 2294 137 2264 137 2290"/></Shape>
	    <String CONTENT="אדימיניסטיר קי אין לה נוג&#39;י קואנדו קאמינה איל אמו קי טומי איל איסקלאב&#39;ו לה קאנדילה אין לה מאנו פארה"
                    HPOS="133.0"
                    VPOS="2264.0"
                    WIDTH="2146.0"
                    HEIGHT="123.0"></String>
          </TextLine>

          
          
          <TextLine ID="eSc_line_23045e75"
                    
                    BASELINE="144 2359 2283 2396" 
                    HPOS="137.0"
                    VPOS="2335.0"
                    WIDTH="2142.0"
                    HEIGHT="115.0">
            <Shape><Polygon POINTS="140 2357 137 2424 170 2424 174 2424 211 2424 248 2424 285 2424 322 2424 359 2424 389 2424 437 2427 470 2427 507 2427 544 2427 581 2427 600 2427 741 2431 767 2431 804 2431 841 2431 852 2431 1045 2435 1063 2435 1063 2435 2268 2450 2279 2394 2275 2368 140 2335 140 2357"/></Shape>
	    <String CONTENT="אלומבואר אל אמו. אי אקי ייו ב&#39;וס אלומברו אה ב&#39;וזוטרוס לה נוג&#39;י קון און פילאר די פ&#39;ואיגו. אי סי סאלי"
                    HPOS="137.0"
                    VPOS="2335.0"
                    WIDTH="2142.0"
                    HEIGHT="115.0"></String>
          </TextLine>

          
          
          <TextLine ID="eSc_line_f22c25a7"
                    
                    BASELINE="148 2429 2279 2463" 
                    HPOS="140.0"
                    VPOS="2401.0"
                    WIDTH="2135.0"
                    HEIGHT="123.0">
            <Shape><Polygon POINTS="144 2427 140 2494 177 2494 214 2494 252 2494 289 2494 326 2494 363 2494 400 2498 437 2498 474 2498 511 2498 548 2498 585 2498 622 2502 659 2502 696 2502 733 2502 771 2502 808 2502 845 2502 882 2505 919 2505 956 2505 993 2505 1030 2505 1067 2505 1104 2509 1141 2509 1178 2509 1215 2509 1252 2509 1289 2509 1327 2513 1364 2513 1401 2513 1438 2513 1475 2513 1512 2513 1549 2513 1586 2516 1623 2516 1660 2516 1697 2516 1734 2516 1771 2516 1808 2520 1845 2520 1883 2520 1920 2520 1957 2520 1994 2520 2031 2520 2068 2524 2105 2524 2142 2524 2179 2524 2216 2524 2253 2524 2264 2524 2275 2461 2272 2424 144 2401 144 2427"/></Shape>
	    <String CONTENT="איל אמו אה קאמינו אדימיניסטיר קי איל איסקלאב&#39;ו ב&#39;אייא אנטיש די איל אמו אי קי לי אפאריג&#39;י איל לוגאר"
                    HPOS="140.0"
                    VPOS="2401.0"
                    WIDTH="2135.0"
                    HEIGHT="123.0"></String>
          </TextLine>

          
          
          <TextLine ID="eSc_line_cfcd8e4d"
                    
                    BASELINE="148 2500 2279 2533" 
                    HPOS="140.0"
                    VPOS="2472.0"
                    WIDTH="2135.0"
                    HEIGHT="118.0">
            <Shape><Polygon POINTS="144 2498 140 2561 177 2561 214 2561 252 2561 289 2561 326 2561 363 2561 400 2565 437 2565 474 2565 511 2565 548 2565 585 2565 622 2568 659 2568 696 2568 733 2568 771 2568 808 2568 845 2568 882 2572 919 2572 956 2572 993 2572 1030 2572 1067 2572 1104 2576 1141 2576 1178 2576 1215 2576 1252 2576 1289 2576 1327 2576 1364 2579 1401 2579 1438 2579 1475 2579 1512 2579 1549 2579 1586 2583 1623 2583 1660 2583 1697 2583 1734 2583 1771 2583 1808 2587 1845 2587 1883 2587 1920 2587 1957 2587 1994 2587 2031 2587 2068 2590 2105 2590 2142 2590 2179 2590 2216 2590 2253 2590 2264 2590 2275 2531 2272 2505 144 2472 144 2498"/></Shape>
	    <String CONTENT="פארה איל אמו. אי ייו איזי לו אריב&#39;יס קי ייו אינביאב&#39;ה אה איל ארון הקודש אנטיש די ב&#39;וזוטרוס פארה קי"
                    HPOS="140.0"
                    VPOS="2472.0"
                    WIDTH="2135.0"
                    HEIGHT="118.0"></String>
          </TextLine>

          
          
          <TextLine ID="eSc_line_7f055ef8"
                    
                    BASELINE="144 2567 2290 2600" 
                    HPOS="137.0"
                    VPOS="2539.0"
                    WIDTH="2150.0"
                    HEIGHT="111.0">
            <Shape><Polygon POINTS="140 2553 140 2565 137 2628 170 2628 174 2628 211 2628 248 2628 285 2628 322 2628 359 2628 385 2628 489 2631 507 2631 544 2631 581 2631 589 2631 2275 2650 2287 2598 2287 2565 148 2539 140 2553"/></Shape>
	    <String CONTENT="ב&#39;וס אפאריג&#39;ארה לוגאר די אולגאנסה.  אי סאליאה די איל ארון קומו דוס סינטילייאס די פ&#39;ואיגו אי מאטאב&#39;ה"
                    HPOS="137.0"
                    VPOS="2539.0"
                    WIDTH="2150.0"
                    HEIGHT="111.0"></String>
          </TextLine>

          
          
          <TextLine ID="eSc_line_98c52ffc"
                    
                    BASELINE="148 2633 2279 2667" 
                    HPOS="140.0"
                    VPOS="2605.0"
                    WIDTH="2135.0"
                    HEIGHT="115.0">
            <Shape><Polygon POINTS="144 2631 140 2698 177 2698 214 2698 252 2698 289 2698 326 2698 363 2698 400 2698 437 2698 470 2698 489 2702 511 2702 548 2702 585 2702 622 2702 659 2702 696 2702 733 2702 759 2702 845 2705 882 2705 919 2705 956 2705 993 2705 1030 2705 1049 2705 1200 2709 1215 2709 1252 2709 1289 2709 1327 2709 1338 2709 1553 2713 1586 2713 1623 2713 1660 2713 1671 2713 1908 2716 1920 2716 1957 2716 1960 2716 2264 2720 2275 2665 2272 2639 144 2605 144 2631"/></Shape>
	    <String CONTENT="אה לוס קוליב&#39;רוס אי אה לוס אלאקראניס אי אה אלגונוס אינימיגוס סי סי טופאפ&#39;אן פור איל קאמיני קי"
                    HPOS="140.0"
                    VPOS="2605.0"
                    WIDTH="2135.0"
                    HEIGHT="115.0"></String>
          </TextLine>

          
          
          <TextLine ID="eSc_line_160c1bc2"
                    
                    BASELINE="148 2704 2279 2730" 
                    HPOS="140.0"
                    VPOS="2676.0"
                    WIDTH="2135.0"
                    HEIGHT="115.0">
            <Shape><Polygon POINTS="144 2702 140 2768 177 2768 214 2768 252 2768 289 2768 326 2768 363 2768 400 2768 429 2768 489 2772 511 2772 548 2772 585 2772 622 2772 659 2772 678 2772 845 2776 882 2776 919 2776 926 2776 2264 2791 2275 2728 2272 2702 144 2676 144 2702"/></Shape>
	    <String CONTENT="קיריאן ויניר אינסימה די ב&#39;וזוטרוס אה פיליאר קון ב&#39;וזוטרוס. אי טאמביין אדימיניסטיר איל איסקלאב&#39;ו קי"
                    HPOS="140.0"
                    VPOS="2676.0"
                    WIDTH="2135.0"
                    HEIGHT="115.0"></String>
          </TextLine>

          
          
          <TextLine ID="eSc_line_5fd13ea0"
                    
                    BASELINE="144 2774 2275 2804" 
                    HPOS="137.0"
                    VPOS="2742.0"
                    WIDTH="2135.0"
                    HEIGHT="115.0">
            <Shape><Polygon POINTS="140 2772 137 2835 170 2835 174 2828 211 2828 248 2828 285 2828 322 2828 359 2831 396 2831 433 2831 470 2831 507 2831 544 2831 581 2835 619 2835 656 2835 693 2835 730 2835 767 2835 804 2839 841 2839 878 2839 915 2839 952 2839 989 2839 1026 2843 1063 2843 1100 2843 1137 2843 1175 2843 1212 2846 1249 2846 1286 2846 1323 2846 1360 2846 1397 2846 1419 2846 1549 2850 1582 2850 1619 2850 1627 2850 2261 2857 2272 2802 2268 2765 140 2742 140 2772"/></Shape>
	    <String CONTENT="לי גיזי איניל קאמינו איל פאן אי טודו מיניסטיר די קומידה קי טייני דימיניסטיר איל אמו: אינפירו ייו ב&#39;וס"
                    HPOS="137.0"
                    VPOS="2742.0"
                    WIDTH="2135.0"
                    HEIGHT="115.0"></String>
          </TextLine>

          
          
          <TextLine ID="eSc_line_cf2ebfe2"
                    
                    BASELINE="151 2833 2283 2871" 
                    HPOS="144.0"
                    VPOS="2805.0"
                    WIDTH="2135.0"
                    HEIGHT="119.0">
            <Shape><Polygon POINTS="148 2831 144 2894 181 2894 218 2894 255 2894 292 2894 329 2894 366 2898 404 2898 441 2898 478 2898 515 2898 552 2898 589 2902 626 2902 663 2902 700 2902 737 2902 774 2902 811 2906 848 2906 885 2906 922 2906 960 2906 986 2906 1052 2909 1071 2909 1108 2909 1145 2909 1182 2909 1197 2909 1356 2913 1367 2913 1404 2913 1408 2913 2268 2924 2279 2868 2275 2843 148 2805 148 2831"/></Shape>
	    <String CONTENT="אפאריג&#39;י אה ב&#39;וזוטרוס קומידה קי אירה לה מאגנה קי ב&#39;וס אבאש&#39;אב&#39;ה די לוס סיילוס קאדה דיאה. אי פור"
                    HPOS="144.0"
                    VPOS="2805.0"
                    WIDTH="2135.0"
                    HEIGHT="119.0"></String>
          </TextLine>

          
          
          <TextLine ID="eSc_line_348f2430"
                    
                    BASELINE="148 2900 2283 2937" 
                    HPOS="140.0"
                    VPOS="2872.0"
                    WIDTH="2139.0"
                    HEIGHT="119.0">
            <Shape><Polygon POINTS="144 2898 140 2954 2268 2991 2279 2935 2275 2909 144 2872 144 2898"/></Shape>
	    <String CONTENT="איסטה סיבה קי קריאיסטיש&#39; אין לאס פאלאב&#39;ראס די לוס מרגלים אי אינפיסאסטיש&#39; טודוס אין און לייורו"
                    HPOS="140.0"
                    VPOS="2872.0"
                    WIDTH="2139.0"
                    HEIGHT="119.0"></String>
          </TextLine>

          
          
          <TextLine ID="eSc_line_a9d635dc"
                    
                    BASELINE="144 2971 2279 3004" 
                    HPOS="137.0"
                    VPOS="2931.0"
                    WIDTH="2138.0"
                    HEIGHT="138.0">
            <Shape><Polygon POINTS="140 2969 137 3035 170 3035 174 3035 211 3035 248 3035 285 3035 322 3035 359 3035 396 3039 433 3039 470 3039 507 3039 544 3039 581 3039 619 3039 656 3043 693 3043 730 3043 767 3043 804 3043 841 3043 878 3046 915 3046 952 3046 989 3046 1026 3046 1063 3046 1100 3050 1137 3050 1175 3050 1212 3050 1249 3050 1286 3050 1323 3050 1360 3054 1397 3054 1434 3054 1471 3054 1508 3054 1545 3054 1582 3058 1619 3058 1656 3058 1693 3058 1731 3058 1768 3058 1805 3061 1842 3061 1879 3061 1916 3061 1953 3061 1990 3061 2027 3061 2064 3065 2101 3065 2138 3065 2175 3065 2212 3065 2250 3065 2250 3065 2264 3069 2275 3002 2275 2965 140 2931 140 2969"/></Shape>
	    <String CONTENT="אסיטינסייו איל שי&quot;ת קי סי דישטרויירה איל בית המקדש אי אסיטינסייו סוב&#39;רי ב&#39;וזוטרוס סיטינסייאס מאלאס"
                    HPOS="137.0"
                    VPOS="2931.0"
                    WIDTH="2138.0"
                    HEIGHT="138.0"></String>
          </TextLine>

          
          
          <TextLine ID="eSc_line_ff8275a2"
                    
                    BASELINE="155 3041 2272 3074" 
                    HPOS="148.0"
                    VPOS="3013.0"
                    WIDTH="2120.0"
                    HEIGHT="115.0">
            <Shape><Polygon POINTS="151 3039 148 3106 185 3106 222 3106 259 3106 296 3106 333 3106 370 3106 407 3106 444 3106 481 3109 518 3109 556 3109 593 3109 630 3109 667 3109 704 3109 741 3109 778 3113 815 3113 852 3113 889 3113 926 3113 963 3113 1000 3113 1037 3113 1074 3117 1112 3117 1149 3117 1186 3117 1223 3117 1260 3117 1297 3117 1334 3117 1371 3121 1408 3121 1445 3121 1482 3121 1519 3121 1556 3121 1593 3121 1630 3121 1668 3121 1705 3124 1742 3124 1779 3124 1816 3124 1853 3124 1890 3124 1927 3124 1964 3124 2001 3128 2038 3128 2075 3128 2112 3128 2149 3128 2186 3128 2224 3128 2257 3128 2268 3072 2264 3043 151 3013 151 3039"/></Shape>
	    <String CONTENT="קי פ&#39;ואירה איסטה נוג&#39;י קי לייוראסטיש&#39; קי סיינפרי סיאה אפאריג&#39;אדה פארה לייוראר אין קאדה ג&#39;ירינאנסייו"
                    HPOS="148.0"
                    VPOS="3013.0"
                    WIDTH="2120.0"
                    HEIGHT="115.0"></String>
          </TextLine>

          
          
          <TextLine ID="eSc_line_b4463805"
                    
                    BASELINE="151 3111 2283 3137" 
                    HPOS="144.0"
                    VPOS="3083.0"
                    WIDTH="2135.0"
                    HEIGHT="104.0">
            <Shape><Polygon POINTS="148 3109 144 3161 2268 3187 2279 3135 2279 3109 148 3083 148 3109"/></Shape>
	    <String CONTENT="אי ג&#39;ירינאנסייו אי ב&#39;וס דיטוב&#39;ו איניל מדבר קוארינטה אנייוס אי נו טוב&#39;יירון זכות גואיסטרוס פאדרים די"
                    HPOS="144.0"
                    VPOS="3083.0"
                    WIDTH="2135.0"
                    HEIGHT="104.0"></String>
          </TextLine>

          
          
          <TextLine ID="eSc_line_68795e3e"
                    
                    BASELINE="148 3174 2283 3208" 
                    HPOS="140.0"
                    VPOS="3146.0"
                    WIDTH="2139.0"
                    HEIGHT="115.0">
            <Shape><Polygon POINTS="144 3172 140 3235 177 3235 214 3235 252 3235 289 3235 326 3235 363 3235 400 3235 437 3239 474 3239 511 3239 548 3239 585 3239 622 3239 659 3239 696 3243 733 3243 771 3243 808 3243 845 3243 882 3243 919 3243 956 3247 993 3247 1030 3247 1067 3247 1104 3247 1141 3247 1178 3247 1215 3250 1252 3250 1289 3250 1327 3250 1364 3250 1401 3250 1438 3250 1475 3254 1512 3254 1549 3254 1586 3254 1623 3254 1660 3254 1697 3254 1734 3254 1771 3258 1808 3258 1845 3258 1883 3258 1920 3258 1957 3258 1994 3258 2031 3261 2068 3261 2105 3261 2142 3261 2179 3261 2216 3261 2253 3261 2268 3261 2279 3206 2275 3180 144 3146 144 3172"/></Shape>
	    <String CONTENT="איסטי פיקאדו די אינטראר אין ארץ ישראל אסיגון קיטארון די לה בוקה אי דיש&#39;ירון מאקארי מורייראמוס אין"
                    HPOS="140.0"
                    VPOS="3146.0"
                    WIDTH="2139.0"
                    HEIGHT="115.0"></String>
          </TextLine>

          
          
          <TextLine ID="eSc_line_993905fc"
                    
                    BASELINE="148 3241 2279 3271" 
                    HPOS="140.0"
                    VPOS="3217.0"
                    WIDTH="2135.0"
                    HEIGHT="107.0">
            <Shape><Polygon POINTS="144 3239 140 3306 174 3306 177 3306 214 3306 252 3306 289 3306 326 3306 363 3306 381 3306 559 3310 585 3310 585 3310 2264 3324 2275 3269 2272 3243 144 3217 144 3239"/></Shape>
	    <String CONTENT="איסטי מדבר. לו פרופייו ליס פאגו איל שי&quot;ת קי אסיטינסייו קי מורייראן טודוס איניל מדבר סיגון דיזי איל"
                    HPOS="140.0"
                    VPOS="3217.0"
                    WIDTH="2135.0"
                    HEIGHT="107.0"></String>
          </TextLine>

          
          
          <TextLine ID="eSc_line_b9985e60"
                    
                    BASELINE="151 3312 2279 3345" 
                    HPOS="144.0"
                    VPOS="3284.0"
                    WIDTH="2131.0"
                    HEIGHT="115.0">
            <Shape><Polygon POINTS="148 3310 144 3376 177 3376 181 3373 218 3373 255 3373 292 3373 329 3373 366 3373 404 3376 441 3376 478 3376 515 3376 552 3376 589 3376 626 3380 663 3380 700 3380 737 3380 774 3380 811 3380 848 3380 885 3384 922 3384 960 3384 997 3384 1034 3384 1071 3384 1097 3384 1200 3387 1219 3387 1256 3387 1293 3387 1301 3387 2264 3399 2275 3343 2272 3306 148 3284 148 3310"/></Shape>
	    <String CONTENT="פסוק במדבר הזה יפלו פגריכם. אי איסטו איש משל אה אונו קי לו לייב&#39;ארון אל ג&#39;וזגו פארה ג&#39;וזגארלו"
                    HPOS="144.0"
                    VPOS="3284.0"
                    WIDTH="2131.0"
                    HEIGHT="115.0"></String>
          </TextLine>

          
          
          <TextLine ID="eSc_line_dc83648a"
                    
                    BASELINE="155 3378 2275 3412" 
                    HPOS="148.0"
                    VPOS="3350.0"
                    WIDTH="2124.0"
                    HEIGHT="115.0">
            <Shape><Polygon POINTS="151 3376 148 3443 185 3443 222 3443 259 3443 296 3443 333 3443 370 3443 407 3443 444 3443 481 3447 518 3447 556 3447 593 3447 630 3447 667 3447 704 3447 741 3447 778 3450 815 3450 852 3450 889 3450 926 3450 963 3450 1000 3450 1037 3450 1074 3454 1112 3454 1149 3454 1186 3454 1223 3454 1260 3454 1297 3454 1334 3454 1371 3458 1408 3458 1445 3458 1482 3458 1519 3458 1556 3458 1593 3458 1630 3458 1668 3462 1705 3462 1742 3462 1779 3462 1816 3462 1853 3462 1890 3462 1927 3462 1964 3462 2001 3465 2038 3465 2075 3465 2112 3465 2149 3465 2186 3465 2224 3465 2261 3465 2261 3465 2272 3410 2268 3380 151 3350 151 3376"/></Shape>
	    <String CONTENT="פור אלגון פיקאדו קי פיקו סי מיריסיאה מואירטי אי לי סאלטו די לה בוקה אה דיטו אומברי קי קיריאה מוריר"
                    HPOS="148.0"
                    VPOS="3350.0"
                    WIDTH="2124.0"
                    HEIGHT="115.0"></String>
          </TextLine>

          
          
          <TextLine ID="eSc_line_38431d2d"
                    
                    BASELINE="155 3449 2279 3475" 
                    HPOS="148.0"
                    VPOS="3424.0"
                    WIDTH="2127.0"
                    HEIGHT="108.0">
            <Shape><Polygon POINTS="151 3447 148 3510 185 3510 222 3510 259 3510 296 3510 333 3510 370 3510 407 3510 444 3513 481 3513 518 3513 556 3513 593 3513 630 3513 667 3513 704 3517 741 3517 778 3517 815 3517 852 3517 889 3517 926 3517 960 3517 989 3521 1000 3521 1037 3521 1074 3521 1112 3521 1149 3521 1186 3521 1204 3521 1415 3525 1445 3525 1445 3525 2264 3532 2275 3473 2272 3439 151 3424 151 3447"/></Shape>
	    <String CONTENT="די טאל מואירטי. דיש&#39;ו איל ג&#39;וזגאדור קון לה מואירטי קי קיטאסטיס די טו בוקה טי ארי טו פינה. אי פור"
                    HPOS="148.0"
                    VPOS="3424.0"
                    WIDTH="2127.0"
                    HEIGHT="108.0"></String>
          </TextLine>

          
          
          <TextLine ID="eSc_line_47dc2468"
                    
                    BASELINE="155 3515 2279 3545" 
                    HPOS="148.0"
                    VPOS="3487.0"
                    WIDTH="2127.0"
                    HEIGHT="115.0">
            <Shape><Polygon POINTS="151 3513 148 3569 2264 3602 2275 3543 2272 3517 151 3487 151 3513"/></Shape>
	    <String CONTENT="אב&#39;יזו די איסטו דיש&#39;ו איל פסוק חי אני נאם ה&#39; אם לא כאשר דברתם באזני כן אעשה לכם. קירי דיזיר קי ג&#39;ורו"
                    HPOS="148.0"
                    VPOS="3487.0"
                    WIDTH="2127.0"
                    HEIGHT="115.0"></String>
          </TextLine>

          
          
          <TextLine ID="eSc_line_f51f76c9"
                    
                    BASELINE="155 3586 2279 3616" 
                    HPOS="148.0"
                    VPOS="3547.0"
                    WIDTH="2127.0"
                    HEIGHT="122.0">
            <Shape><Polygon POINTS="151 3584 148 3636 2264 3669 2275 3614 2272 3576 151 3547 151 3584"/></Shape>
	    <String CONTENT="איל שי&quot;ת אי דיש&#39;ו סיגון דיש&#39;יסטיש&#39; ב&#39;וזוטרוס מאקארי מורייראמוס אין איסטי מדבר אנסי ארי אה ב&#39;וזוטרוס"
                    HPOS="148.0"
                    VPOS="3547.0"
                    WIDTH="2127.0"
                    HEIGHT="122.0"></String>
          </TextLine>

          
          
          <TextLine ID="eSc_line_03eea122"
                    
                    BASELINE="159 3645 2279 3686" 
                    HPOS="151.0"
                    VPOS="3610.0"
                    WIDTH="2124.0"
                    HEIGHT="130.0">
            <Shape><Polygon POINTS="155 3643 151 3695 1775 3732 1782 3732 1782 3732 1938 3736 1968 3736 2005 3736 2023 3736 2101 3740 2116 3740 2153 3740 2190 3740 2227 3740 2264 3740 2264 3740 2275 3684 2275 3651 155 3610 155 3643"/></Shape>
	    <String CONTENT="גואיסטרוס קואירפוס אי קיריאה איל שי&quot;ת מאטאר אה טודו אקיל דור קון מורטאלדאד די אונה סיגון דיזי איל"
                    HPOS="151.0"
                    VPOS="3610.0"
                    WIDTH="2124.0"
                    HEIGHT="130.0"></String>
          </TextLine>

          
          
          <TextLine ID="eSc_line_cc39dcc3"
                    
                    BASELINE="159 3716 2279 3749" 
                    HPOS="151.0"
                    VPOS="3677.0"
                    WIDTH="2124.0"
                    HEIGHT="129.0">
            <Shape><Polygon POINTS="155 3714 151 3773 189 3773 226 3773 263 3773 300 3773 337 3773 374 3777 411 3777 448 3777 485 3777 522 3777 559 3777 596 3780 633 3780 670 3780 707 3780 745 3780 782 3780 819 3784 856 3784 893 3784 930 3784 967 3784 1004 3788 1041 3788 1078 3788 1115 3788 1152 3788 1189 3788 1226 3791 1264 3791 1301 3791 1338 3791 1375 3791 1412 3791 1449 3795 1486 3795 1523 3795 1560 3795 1597 3795 1634 3795 1671 3799 1708 3799 1745 3799 1782 3799 1820 3799 1857 3803 1894 3803 1931 3803 1968 3803 2005 3803 2042 3803 2079 3806 2116 3806 2153 3806 2190 3806 2227 3806 2264 3806 2264 3806 2275 3747 2272 3721 155 3677 155 3714"/></Shape>
	    <String CONTENT="פסוק אכנו בדבר ואורישנו . אי מי פארי לייו קון תפלה דילאנטרי די איל שי&quot;ת אי דיש&#39;י סינייור די איל מונדו"
                    HPOS="151.0"
                    VPOS="3677.0"
                    WIDTH="2124.0"
                    HEIGHT="129.0"></String>
          </TextLine>

          
          
          <TextLine ID="eSc_line_a5089eaa"
                    
                    BASELINE="159 3779 2283 3816" 
                    HPOS="151.0"
                    VPOS="3754.0"
                    WIDTH="2128.0"
                    HEIGHT="115.0">
            <Shape><Polygon POINTS="155 3777 151 3840 2268 3869 2279 3814 2279 3788 155 3754 155 3777"/></Shape>
	    <String CONTENT="אקודראטי קי ליס ג&#39;וראשטיס אה אברהם אי אה יצחק אי אה יעקב קי טיניאש די פאראר די אילייוש רייס אי"
                    HPOS="151.0"
                    VPOS="3754.0"
                    WIDTH="2128.0"
                    HEIGHT="115.0"></String>
          </TextLine>

          
          
          <TextLine ID="eSc_line_9009b498"
                    
                    BASELINE="159 3849 2279 3882" 
                    HPOS="151.0"
                    VPOS="3825.0"
                    WIDTH="2124.0"
                    HEIGHT="115.0">
            <Shape><Polygon POINTS="155 3847 151 3914 411 3917 448 3917 452 3917 674 3921 707 3921 745 3921 752 3921 941 3925 967 3925 1004 3925 1041 3925 1056 3925 1204 3929 1226 3929 1264 3929 1301 3929 1338 3929 1356 3929 1467 3932 1486 3932 1523 3932 1560 3932 1597 3932 1634 3932 1660 3932 1734 3936 1745 3936 1782 3936 1820 3936 1857 3936 1894 3936 1931 3936 1968 3936 2005 3940 2042 3940 2079 3940 2116 3940 2153 3940 2190 3940 2227 3940 2264 3940 2264 3940 2275 3880 2275 3858 155 3825 155 3847"/></Shape>
	    <String CONTENT="נביאים אי כהנים אי מי רישפונדייו איל שי&quot;ת טו איריס די סו זרע די אילייוס די טי לוס פארארי. סיינדו קי"
                    HPOS="151.0"
                    VPOS="3825.0"
                    WIDTH="2124.0"
                    HEIGHT="115.0"></String>
          </TextLine>

          
          
          <TextLine ID="eSc_line_7aeb4225"
                    
                    BASELINE="155 3923 2279 3949" 
                    HPOS="148.0"
                    VPOS="3895.0"
                    WIDTH="2127.0"
                    HEIGHT="115.0">
            <Shape><Polygon POINTS="151 3921 148 3988 1352 4003 1371 4003 1408 4003 1415 4003 1656 4006 1668 4006 1705 4006 1742 4006 1779 4006 1816 4006 1834 4006 1960 4010 1964 4010 2001 4010 2038 4010 2075 4010 2112 4010 2149 4010 2186 4010 2224 4010 2261 4010 2264 4010 2275 3947 2275 3921 151 3895 151 3921"/></Shape>
	    <String CONTENT="וידי קי איסטאב&#39;ה איל שי&quot;ת קון מונג&#39;ה ראב&#39;ייא אינפיסי אה רוגארלי אי דיזירלי אגורה טיינין קי דיזיר לאס"
                    HPOS="148.0"
                    VPOS="3895.0"
                    WIDTH="2127.0"
                    HEIGHT="115.0"></String>
          </TextLine>

          
          
          <TextLine ID="eSc_line_ddf6e388"
                    
                    BASELINE="166 4001 2275 4020" 
                    HPOS="159.0"
                    VPOS="3966.0"
                    WIDTH="2113.0"
                    HEIGHT="170.0">
            <Shape><Polygon POINTS="163 3999 159 4110 389 4125 392 4125 396 4125 400 4125 418 4114 470 4077 574 4077 685 4095 689 4095 834 4084 874 4114 893 4129 897 4129 900 4129 1000 4132 1004 4136 1226 4136 1226 4132 1230 4132 1234 4132 1264 4114 1315 4084 1438 4092 1464 4114 1482 4129 1486 4129 1490 4129 1493 4129 1582 4114 1675 4099 1723 4114 1745 4121 1749 4121 1753 4121 1757 4121 1771 4114 1827 4088 1883 4114 1912 4129 1916 4129 1920 4129 1923 4129 1953 4114 2009 4092 2261 4114 2272 4018 2268 3988 163 3966 163 3999"/></Shape>
	    <String CONTENT="אומות העולם קי נו טוב&#39;יסטיס פ&#39;ואירסה די מאנטינירלוס איניל מדבר קי איס און לוגאר סיקו אי סי דיראס קי"
                    HPOS="159.0"
                    VPOS="3966.0"
                    WIDTH="2113.0"
                    HEIGHT="170.0"></String>
          </TextLine>

          
        </TextBlock>
        

        
      </PrintSpace>
    </Page>
  </Layout>
</alto>
