<?xml version="1.0" encoding="UTF-8"?>
<alto xmlns:xsi="http://www.w3.org/2001/XMLSchema-instance"
      xmlns="http://www.loc.gov/standards/alto/ns-v4#"
      xsi:schemaLocation="http://www.loc.gov/standards/alto/ns-v4# http://www.loc.gov/standards/alto/v4/alto-4-2.xsd">
  <Description>
    <MeasurementUnit>pixel</MeasurementUnit>
    <sourceImageInformation>
      <fileName>Meam Loez Devarim Kushtandina 1773_26.jpg</fileName>
      
    </sourceImageInformation>
  </Description>
  
  <Layout>
    <Page WIDTH="2680"
          HEIGHT="4448"
          PHYSICAL_IMG_NR="25"
          ID="eSc_dummypage_">
      <PrintSpace HPOS="0"
                  VPOS="0"
                  WIDTH="2680"
                  HEIGHT="4448">
        
        <TextBlock HPOS="133.0"
                   VPOS="59.0"
                   WIDTH="2502.0"
                   HEIGHT="3970.0"
                   ID="eSc_textblock_c4b19174"
                   >
          <Shape><Polygon POINTS="1497 207 2131 207 2294 133 2324 381 2576 429 2561 559 2324 593 2324 915 2413 993 2324 1108 2576 1156 2605 1271 2591 1315 2324 1364 2324 1508 2576 1556 2576 1627 2324 1675 2309 2131 2357 2253 2635 2283 2620 2353 2324 2387 2324 2679 2446 2817 2591 2861 2591 3020 2487 3113 2591 3243 2487 3406 2294 3439 2264 4029 281 4029 133 3969 148 237 163 192 1230 189 919 144 934 59 1656 88 1627 174 1390 177 1497 207"/></Shape>
          
          
          <TextLine ID="eSc_line_7149e582"
                    
                    BASELINE="166 209 2301 239" 
                    HPOS="159.0"
                    VPOS="177.0"
                    WIDTH="2139.0"
                    HEIGHT="119.0">
            <Shape><Polygon POINTS="2287 192 2149 192 2123 207 2086 207 2049 207 2012 207 1975 207 1938 207 1901 207 1864 207 1827 207 1790 207 1753 207 1716 207 1679 207 1642 207 1605 207 1567 207 1530 207 1493 207 1456 196 1419 185 1412 181 1197 177 1197 189 1160 189 1123 189 1086 189 1049 189 1011 189 974 189 937 189 900 189 863 189 826 189 789 189 752 189 715 189 678 189 641 189 604 189 567 189 530 189 493 189 455 189 418 189 381 189 344 189 307 189 270 189 233 189 196 189 163 189 163 207 159 270 2287 296 2298 237 2294 214 2287 192"/></Shape>
	    <String CONTENT="אויירון ישראל איסטוס קאסטיגירייוס אי לוש ריסיב&#39;יירון לוש קאשטיגירייוש קון בואין קוראשון איש פורקי לוש"
                    HPOS="159.0"
                    VPOS="177.0"
                    WIDTH="2139.0"
                    HEIGHT="119.0"></String>
          </TextLine>

          
          
          <TextLine ID="eSc_line_02fcbff2"
                    
                    BASELINE="163 280 2294 309" 
                    HPOS="155.0"
                    VPOS="244.0"
                    WIDTH="2135.0"
                    HEIGHT="111.0">
            <Shape><Polygon POINTS="159 278 155 333 2279 355 2290 307 2287 266 159 244 159 278"/></Shape>
	    <String CONTENT="אב&#39;לו משה קי שי ראזונו אינפרימירו קון ישראל אי נו שי טופו איניל נינגונה פ&#39;אלטה. מא שי לוש קאשטיגאב&#39;ה"
                    HPOS="155.0"
                    VPOS="244.0"
                    WIDTH="2135.0"
                    HEIGHT="111.0"></String>
          </TextLine>

          
          
          <TextLine ID="eSc_line_467abfae"
                    
                    BASELINE="170 346 2298 376" 
                    HPOS="163.0"
                    VPOS="311.0"
                    WIDTH="2131.0"
                    HEIGHT="115.0">
            <Shape><Polygon POINTS="166 344 163 392 1857 422 1868 422 1905 422 1942 422 1979 422 2001 422 2068 426 2090 426 2127 426 2164 426 2201 426 2238 426 2275 426 2283 426 2294 374 2290 337 166 311 166 344"/></Shape>
	    <String CONTENT="אוטרו אומברי לי רישפונדיאן אה טי נו טי ייאקיש&#39;יאה קי קאשטיגיש אה אוטרוש פורקי פארה קאשטיגאר אה"
                    HPOS="163.0"
                    VPOS="311.0"
                    WIDTH="2131.0"
                    HEIGHT="115.0"></String>
          </TextLine>

          
          
          <TextLine ID="eSc_line_5f735744"
                    
                    BASELINE="155 409 2298 435" 
                    HPOS="148.0"
                    VPOS="381.0"
                    WIDTH="2146.0"
                    HEIGHT="111.0">
            <Shape><Polygon POINTS="151 407 148 470 2283 492 2294 433 2294 400 151 381 151 407"/></Shape>
	    <String CONTENT="אוטרוש קאסטיגאטי אה טי אינפרימירו קי איזישטיש אישטו אי אישטו. אי אנשי דיזיאה רבי טרפון מי"
                    HPOS="148.0"
                    VPOS="381.0"
                    WIDTH="2146.0"
                    HEIGHT="111.0"></String>
          </TextLine>

          
          
          <TextLine ID="eSc_line_b48f8028"
                    
                    BASELINE="166 480 2298 506" 
                    HPOS="159.0"
                    VPOS="448.0"
                    WIDTH="2135.0"
                    HEIGHT="108.0">
            <Shape><Polygon POINTS="163 478 159 541 196 541 233 541 270 541 307 541 344 541 381 541 418 541 437 541 2283 556 2294 504 2290 463 163 448 163 478"/></Shape>
	    <String CONTENT="מאראב&#39;יאו ייו שי איי אין אישטי דור קין פואידה קאשטיגאר אה אוטרוש שיינדו בעונות איי פ&#39;אלטאש אין"
                    HPOS="159.0"
                    VPOS="448.0"
                    WIDTH="2135.0"
                    HEIGHT="108.0"></String>
          </TextLine>

          
          
          <TextLine ID="eSc_line_92290e07"
                    
                    BASELINE="166 546 2294 576" 
                    HPOS="159.0"
                    VPOS="511.0"
                    WIDTH="2131.0"
                    HEIGHT="115.0">
            <Shape><Polygon POINTS="163 544 159 593 2279 626 2290 574 2287 530 163 511 163 544"/></Shape>
	    <String CONTENT="נוזוטרוש אי שי קירימוש קאשטיגאר אה אונו פור אלגונה פ&#39;אלטה קי אזימוש פואידי רישפונדיר פארה קאשטי"
                    HPOS="159.0"
                    VPOS="511.0"
                    WIDTH="2131.0"
                    HEIGHT="115.0"></String>
          </TextLine>

          
          
          <TextLine ID="eSc_line_1246ff14"
                    
                    BASELINE="166 609 2294 647" 
                    HPOS="159.0"
                    VPOS="578.0"
                    WIDTH="2131.0"
                    HEIGHT="122.0">
            <Shape><Polygon POINTS="163 607 159 656 2279 700 2290 644 2287 604 163 578 163 607"/></Shape>
	    <String CONTENT="גארמי אה מי קאשטיגאטי אטי קי אישטאש אזיינדו טאל קוזה אי טאל קוזה. אי אקאב&#39;אנדו משה די ראזונארשי"
                    HPOS="159.0"
                    VPOS="578.0"
                    WIDTH="2131.0"
                    HEIGHT="122.0"></String>
          </TextLine>

          
          
          <TextLine ID="eSc_line_b19e15e5"
                    
                    BASELINE="163 680 2294 717" 
                    HPOS="155.0"
                    VPOS="641.0"
                    WIDTH="2135.0"
                    HEIGHT="129.0">
            <Shape><Polygon POINTS="159 678 155 722 2279 770 2290 715 2287 670 159 641 159 678"/></Shape>
	    <String CONTENT="קון אילייוש אי לי רישפונדיירון קומו נו טיניאן נינגונה דימאנדה קון איל אינפישו אה קאשטיגארלוש פרט פור"
                    HPOS="155.0"
                    VPOS="641.0"
                    WIDTH="2135.0"
                    HEIGHT="129.0"></String>
          </TextLine>

          
          
          <TextLine ID="eSc_line_791a17c4"
                    
                    BASELINE="159 750 2294 784" 
                    HPOS="151.0"
                    VPOS="711.0"
                    WIDTH="2139.0"
                    HEIGHT="115.0">
            <Shape><Polygon POINTS="155 748 151 800 2279 826 2290 782 2287 745 155 711 155 748"/></Shape>
	    <String CONTENT="פרט פור קאדה ויז קי פיקארון אי איזיירון אראב&#39;ייאר אה איל שי&quot;ת שיגון אירימוש דיקלאראנדו קאדה ביירב&#39;ו"
                    HPOS="151.0"
                    VPOS="711.0"
                    WIDTH="2139.0"
                    HEIGHT="115.0"></String>
          </TextLine>

          
          
          <TextLine ID="eSc_line_e8db3ed1"
                    
                    BASELINE="1282 828 2046 843" 
                    HPOS="1275.0"
                    VPOS="796.0"
                    WIDTH="767.0"
                    HEIGHT="101.0">
            <Shape><Polygon POINTS="1278 826 1275 874 2031 897 2042 841 2038 800 1278 796 1278 826"/></Shape>
	    <String CONTENT="די איל פסוק קי ליש קיג&#39;ו דיזיר ברמז."
                    HPOS="1275.0"
                    VPOS="796.0"
                    WIDTH="767.0"
                    HEIGHT="101.0"></String>
          </TextLine>

          
          
          <TextLine ID="eSc_line_2aaf4b00"
                    
                    BASELINE="163 880 1071 891 1404 910 2304 919" 
                    HPOS="155"
                    VPOS="837"
                    WIDTH="2146"
                    HEIGHT="130">
            <Shape><Polygon POINTS="159 878 155 930 2290 967 2301 915 2298 859 1738 871 1460 848 1434 848 1430 848 1408 848 1197 863 1086 845 1074 845 1071 845 1063 845 986 859 159 837 159 878"/></Shape>
	    <String CONTENT="אונדי איש קי איניל ביירב&#39;ו די במדבר ליש קיג&#39;ו דיזיר ברמז אקודראב&#39;וש לו קי איזישטיש&#39;"
                    HPOS="155"
                    VPOS="837"
                    WIDTH="2146"
                    HEIGHT="130"></String>
          </TextLine>

          
          
          <TextLine ID="eSc_line_bc20b6f6"
                    
                    BASELINE="155 950 2050 980" 
                    HPOS="148"
                    VPOS="915"
                    WIDTH="1901"
                    HEIGHT="111">
            <Shape><Polygon POINTS="151 948 148 993 2038 1026 2049 978 2049 941 151 915 151 948"/></Shape>
	    <String CONTENT="אראב&#39;ייאר אה איל שי&quot;ת איניל מדבר קואנדו סי ב&#39;וש אקאב&#39;ו לה קומידה קי"
                    HPOS="148"
                    VPOS="915"
                    WIDTH="1901"
                    HEIGHT="111"></String>
          </TextLine>

          
          
          <TextLine ID="eSc_line_489861c3"
                    
                    BASELINE="155 1021 2290 1043" 
                    HPOS="148.0"
                    VPOS="985.0"
                    WIDTH="2139.0"
                    HEIGHT="115.0">
            <Shape><Polygon POINTS="151 1019 148 1067 2275 1100 2287 1041 2283 1008 151 985 151 1019"/></Shape>
	    <String CONTENT="קיטאשטיש&#39; די מצרים אי אינפישאשטיש&#39; אה דיזיר טודוש מי יתן מותנו ביד ה&#39; קי אישטאנדו אין מצרים אישטא"
                    HPOS="148.0"
                    VPOS="985.0"
                    WIDTH="2139.0"
                    HEIGHT="115.0"></String>
          </TextLine>

          
          
          <TextLine ID="eSc_line_257a3f18"
                    
                    BASELINE="159 1080 2294 1114" 
                    HPOS="151.0"
                    VPOS="1041.0"
                    WIDTH="2139.0"
                    HEIGHT="126.0">
            <Shape><Polygon POINTS="155 1078 151 1130 2279 1167 2290 1112 2290 1078 155 1041 155 1078"/></Shape>
	    <String CONTENT="ב&#39;אמוש קומיינדו פאן אה ארטורה אי מיג&#39;ור אירה מוריר אין מצרים אין לוש טריש דיאש די לה אישקורידאד"
                    HPOS="151.0"
                    VPOS="1041.0"
                    WIDTH="2139.0"
                    HEIGHT="126.0"></String>
          </TextLine>

          
          
          <TextLine ID="eSc_line_3d1ff927"
                    
                    BASELINE="163 1154 2293 1180" 
                    HPOS="155.0"
                    VPOS="1108.0"
                    WIDTH="2135.0"
                    HEIGHT="126.0">
            <Shape><Polygon POINTS="159 1152 155 1208 2279 1234 2290 1178 2287 1145 159 1108 159 1152"/></Shape>
	    <String CONTENT="אי נו ייב&#39;אר אישטי מאל די מוריר די אמברי איניל מדבר . *אי אאון קי טיניאן ראזון לו קי דימאנדאב&#39;אן קי"
                    HPOS="155.0"
                    VPOS="1108.0"
                    WIDTH="2135.0"
                    HEIGHT="126.0"></String>
          </TextLine>

          
          
          <TextLine ID="eSc_line_476ad9e4"
                    
                    BASELINE="155 1217 2292 1253" 
                    HPOS="148.0"
                    VPOS="1182.0"
                    WIDTH="2142.0"
                    HEIGHT="115.0">
            <Shape><Polygon POINTS="151 1215 148 1260 2279 1297 2290 1252 2290 1208 151 1182 151 1215"/></Shape>
	    <String CONTENT="סיירטו סין קומיר נו סי טיניאן די קידאר. פירו קאליאה קי סי אליב&#39;אנטאראן לוסוייג&#39;וס די קאדה שבט אי"
                    HPOS="148.0"
                    VPOS="1182.0"
                    WIDTH="2142.0"
                    HEIGHT="115.0"></String>
          </TextLine>

          
          
          <TextLine ID="eSc_line_94b58f99"
                    
                    BASELINE="159 1288 2290 1317" 
                    HPOS="151.0"
                    VPOS="1252.0"
                    WIDTH="2136.0"
                    HEIGHT="115.0">
            <Shape><Polygon POINTS="155 1286 151 1334 2275 1367 2287 1315 2283 1275 155 1252 155 1286"/></Shape>
	    <String CONTENT="פ&#39;ואיראן אונדי משה רבינו אי לי דיש&#39;יראן סאב&#39;ראס סינייור קומו לו קי קיטימוס די קומידה די מצרים לייא סי"
                    HPOS="151.0"
                    VPOS="1252.0"
                    WIDTH="2136.0"
                    HEIGHT="115.0"></String>
          </TextLine>

          
          
          <TextLine ID="eSc_line_a8a00eaa"
                    
                    BASELINE="155 1362 2294 1384" 
                    HPOS="148.0"
                    VPOS="1315.0"
                    WIDTH="2142.0"
                    HEIGHT="123.0">
            <Shape><Polygon POINTS="151 1360 148 1415 185 1415 222 1415 259 1415 296 1415 333 1415 370 1415 407 1419 444 1419 481 1419 518 1419 556 1419 593 1419 630 1423 667 1423 704 1423 741 1423 778 1423 815 1423 852 1423 878 1423 997 1427 1000 1427 1037 1427 1074 1427 1078 1427 2279 1438 2290 1382 2287 1338 151 1315 151 1360"/></Shape>
	    <String CONTENT="אקאב&#39;ו אי סיירטו קי משה רבינו מיראב&#39;ה סו רימידייו . פירו אילייוס נו איזיירון אנסי אוטרו קי לה נוג&#39;י קי"
                    HPOS="148.0"
                    VPOS="1315.0"
                    WIDTH="2142.0"
                    HEIGHT="123.0"></String>
          </TextLine>

          
          
          <TextLine ID="eSc_line_05160f52"
                    
                    BASELINE="151 1421 2294 1455" 
                    HPOS="144.0"
                    VPOS="1390.0"
                    WIDTH="2146.0"
                    HEIGHT="122.0">
            <Shape><Polygon POINTS="148 1419 144 1467 2279 1512 2290 1453 2287 1415 148 1390 148 1419"/></Shape>
	    <String CONTENT="סי ליס אקאב&#39;ו לה קומידה סי אליב&#39;אנטארון טודו ישראל די אונה אי ויניירון אה פיליאר קון משה אי אהרן"
                    HPOS="144.0"
                    VPOS="1390.0"
                    WIDTH="2146.0"
                    HEIGHT="122.0"></String>
          </TextLine>

          
          
          <TextLine ID="eSc_line_22970fe2"
                    
                    BASELINE="151 1492 2294 1521" 
                    HPOS="144.0"
                    VPOS="1445.0"
                    WIDTH="2146.0"
                    HEIGHT="126.0">
            <Shape><Polygon POINTS="148 1490 144 1538 1501 1564 1516 1564 1553 1564 1564 1564 1693 1567 1701 1567 1738 1567 1775 1567 1812 1567 1849 1567 1886 1567 1923 1567 1960 1571 1997 1571 2035 1571 2072 1571 2109 1571 2146 1571 2183 1571 2220 1571 2257 1571 2279 1571 2290 1519 2287 1490 148 1445 148 1490"/></Shape>
	    <String CONTENT="דיזיינדו נוזוטרוס איסטאב&#39;אמוס אנביזאדוס אה קומיר קארני קאדה דיאה אי אגורה מוס טרוש&#39;יסטיס אאיסטי"
                    HPOS="144.0"
                    VPOS="1445.0"
                    WIDTH="2146.0"
                    HEIGHT="126.0"></String>
          </TextLine>

          
          
          <TextLine ID="eSc_line_81780a44"
                    
                    BASELINE="155 1558 2290 1581" 
                    HPOS="148.0"
                    VPOS="1516.0"
                    WIDTH="2139.0"
                    HEIGHT="126.0">
            <Shape><Polygon POINTS="151 1556 148 1604 2275 1642 2287 1579 2283 1553 151 1516 151 1556"/></Shape>
	    <String CONTENT="מדבר אה מאטארמוס אה טודוס די אונה די אמברי . *אי טומארון אה סוס איג&#39;יקוס ג&#39;יקוס אי אה סוס פאמיאש"
                    HPOS="148.0"
                    VPOS="1516.0"
                    WIDTH="2139.0"
                    HEIGHT="126.0"></String>
          </TextLine>

          
          
          <TextLine ID="eSc_line_6e4bc869"
                    
                    BASELINE="148 1629 2290 1658" 
                    HPOS="140.0"
                    VPOS="1579.0"
                    WIDTH="2147.0"
                    HEIGHT="133.0">
            <Shape><Polygon POINTS="144 1627 140 1671 2275 1712 2287 1656 2287 1619 144 1579 144 1627"/></Shape>
	    <String CONTENT="אי סי לוס איג&#39;ארון דילאנטרי די משה רבינו אי לי דיש&#39;ירון בואינו קי מוס קיטאסטיס די מצרים פירו טוב&#39;יסטיש"
                    HPOS="140.0"
                    VPOS="1579.0"
                    WIDTH="2147.0"
                    HEIGHT="133.0"></String>
          </TextLine>

          
          
          <TextLine ID="eSc_line_c35a1c77"
                    
                    BASELINE="148 1692 2290 1721" 
                    HPOS="140.0"
                    VPOS="1649.0"
                    WIDTH="2147.0"
                    HEIGHT="130.0">
            <Shape><Polygon POINTS="144 1690 140 1738 2275 1779 2287 1719 2283 1686 144 1649 144 1690"/></Shape>
	    <String CONTENT="קארגו די אפאריג&#39;ארליס קומידה אין איסטי מדבר פארה איסטאס קריאטוריקאס פורקי איסטאס קריאטוראס"
                    HPOS="140.0"
                    VPOS="1649.0"
                    WIDTH="2147.0"
                    HEIGHT="130.0"></String>
          </TextLine>

          
          
          <TextLine ID="eSc_line_684f6d94"
                    
                    BASELINE="148 1759 2290 1796" 
                    HPOS="140.0"
                    VPOS="1723.0"
                    WIDTH="2147.0"
                    HEIGHT="119.0">
            <Shape><Polygon POINTS="144 1756 140 1812 2275 1842 2287 1794 2283 1760 144 1723 144 1756"/></Shape>
	    <String CONTENT="איסטאן אנביזאדאס אה קומיר אפיטיטיקוס אי טו קי מודו די אפיטיטיס ליס אפאריג&#39;אסטיס אה אילייוס. אי"
                    HPOS="140.0"
                    VPOS="1723.0"
                    WIDTH="2147.0"
                    HEIGHT="119.0"></String>
          </TextLine>

          
          
          <TextLine ID="eSc_line_147248c8"
                    
                    BASELINE="148 1825 2290 1862" 
                    HPOS="140.0"
                    VPOS="1782.0"
                    WIDTH="2147.0"
                    HEIGHT="138.0">
            <Shape><Polygon POINTS="144 1823 140 1871 1946 1912 1957 1912 1957 1912 2109 1916 2142 1916 2179 1916 2216 1916 2253 1916 2253 1916 2275 1920 2287 1860 2283 1819 144 1782 144 1823"/></Shape>
	    <String CONTENT="אאון קי אין מצרים איראן איסקלאב&#39;וס אי נו ליס דאב&#39;אן אוטרו קי פאן סיקו. מא סאב&#39;ריש&#39; קי סיינדו איראן"
                    HPOS="140.0"
                    VPOS="1782.0"
                    WIDTH="2147.0"
                    HEIGHT="138.0"></String>
          </TextLine>

          
          
          <TextLine ID="eSc_line_68ca12de"
                    
                    BASELINE="155 1899 2283 1925" 
                    HPOS="148.0"
                    VPOS="1860.0"
                    WIDTH="2131.0"
                    HEIGHT="123.0">
            <Shape><Polygon POINTS="151 1897 148 1946 2268 1983 2279 1923 2275 1890 151 1860 151 1897"/></Shape>
	    <String CONTENT="איסקלאב&#39;וס די לוס גראנדיס די מצרים שאליאן אלה קאליי אי טומאב&#39;אן פאן אי קארני אי פיש&#39;קאדו אי טודו"
                    HPOS="148.0"
                    VPOS="1860.0"
                    WIDTH="2131.0"
                    HEIGHT="123.0"></String>
          </TextLine>

          
          
          <TextLine ID="eSc_line_e18d062a"
                    
                    BASELINE="144 1962 2283 1996" 
                    HPOS="137.0"
                    VPOS="1920.0"
                    WIDTH="2142.0"
                    HEIGHT="133.0">
            <Shape><Polygon POINTS="140 1960 137 2020 2268 2053 2279 1994 2275 1953 140 1920 140 1960"/></Shape>
	    <String CONTENT="לו קי ליס דיזיאב&#39;ה איל אלמה סין דינירו אי נינגונו ליס פודיאה אב&#39;לאר נאדה פורקי סי איספאנטאב&#39;אן די סוס"
                    HPOS="137.0"
                    VPOS="1920.0"
                    WIDTH="2142.0"
                    HEIGHT="133.0"></String>
          </TextLine>

          
          
          <TextLine ID="eSc_line_c5e01b83"
                    
                    BASELINE="151 2029 2287 2066" 
                    HPOS="144.0"
                    VPOS="1997.0"
                    WIDTH="2139.0"
                    HEIGHT="130.0">
            <Shape><Polygon POINTS="148 2027 144 2079 2272 2127 2283 2064 2283 2023 148 1997 148 2027"/></Shape>
	    <String CONTENT="אמוס אי איב&#39;אן אה לאס גואירטאס אי אראנקאב&#39;אן לה מיג&#39;ור פ&#39;רוטה קי טופאב&#39;אן אי נינגונו ליס אב&#39;לאב&#39;ה"
                    HPOS="144.0"
                    VPOS="1997.0"
                    WIDTH="2139.0"
                    HEIGHT="130.0"></String>
          </TextLine>

          
          
          <TextLine ID="eSc_line_aeb3077e"
                    
                    BASELINE="148 2103 2294 2137" 
                    HPOS="140.0"
                    VPOS="2057.0"
                    WIDTH="2150.0"
                    HEIGHT="141.0">
            <Shape><Polygon POINTS="144 2101 140 2157 155 2168 159 2168 163 2168 166 2168 174 2164 177 2164 214 2164 218 2164 374 2153 2279 2198 2290 2135 2287 2105 144 2057 144 2101"/></Shape>
	    <String CONTENT="נאדה פורקי סי איספאנטאב&#39;אן די סוס אמוס. אי קון טודו איסטו סי אפיאדו איל שי&quot;ת די ב&#39;וזוטרוס אי ב&#39;וס"
                    HPOS="140.0"
                    VPOS="2057.0"
                    WIDTH="2150.0"
                    HEIGHT="141.0"></String>
          </TextLine>

          
          
          <TextLine ID="eSc_line_7246ab74"
                    
                    BASELINE="155 2174 652 2170 2294 2207" 
                    HPOS="148.0"
                    VPOS="2138.0"
                    WIDTH="2142.0"
                    HEIGHT="126.0">
            <Shape><Polygon POINTS="151 2172 148 2212 2279 2264 2290 2205 2287 2175 151 2138 151 2172"/></Shape>
	    <String CONTENT="קיטו די אקיל מדבר אין פאס אאון קי אירה און לוגאר מוי טימירוזו יינו די קוליב&#39;רוס אי אלאקראניס. אי"
                    HPOS="148.0"
                    VPOS="2138.0"
                    WIDTH="2142.0"
                    HEIGHT="126.0"></String>
          </TextLine>

          
          
          <TextLine ID="eSc_line_7a76efaf"
                    
                    BASELINE="151 2240 1171 2248 2285 2285" 
                    HPOS="144.0"
                    VPOS="2186.0"
                    WIDTH="2139.0"
                    HEIGHT="145.0">
            <Shape><Polygon POINTS="148 2238 144 2283 2272 2331 2283 2283 2283 2238 148 2186 148 2238"/></Shape>
	    <String CONTENT="ב&#39;וזוטרוס קון טודו איסטו לו איסטאב&#39;אש&#39; אזיינדו אראב&#39;ייאר אל שי&quot;ת . *אי קון טודו איסטו איזו איל שי&quot;ת קי"
                    HPOS="144.0"
                    VPOS="2186.0"
                    WIDTH="2139.0"
                    HEIGHT="145.0"></String>
          </TextLine>

          
          
          <TextLine ID="eSc_line_81fc4c63"
                    
                    BASELINE="155 2307 2283 2340" 
                    HPOS="148.0"
                    VPOS="2268.0"
                    WIDTH="2131.0"
                    HEIGHT="130.0">
            <Shape><Polygon POINTS="151 2305 148 2350 2268 2398 2279 2338 2275 2305 151 2268 151 2305"/></Shape>
	    <String CONTENT="לוס קוליב&#39;רוס אי אלאקראניס איסטוב&#39;ייראן איג&#39;אדוס דילאנטרי די ב&#39;וזוטרוס קומו אונוס מואירטוס פארה קי"
                    HPOS="148.0"
                    VPOS="2268.0"
                    WIDTH="2131.0"
                    HEIGHT="130.0"></String>
          </TextLine>

          
          
          <TextLine ID="eSc_line_52c7f9d7"
                    
                    BASELINE="144 2366 2290 2411" 
                    HPOS="137.0"
                    VPOS="2324.0"
                    WIDTH="2150.0"
                    HEIGHT="144.0">
            <Shape><Polygon POINTS="140 2364 137 2416 2275 2468 2287 2409 2287 2379 140 2324 140 2364"/></Shape>
	    <String CONTENT="נו ב&#39;וס אטורב&#39;אראש די אילייוס . אי טאמביין ב&#39;וס אבאש&#39;ו לה מאגנה אי דיש&#39;ו איל שי&quot;ת אילייוס אין לוגאר די"
                    HPOS="137.0"
                    VPOS="2324.0"
                    WIDTH="2150.0"
                    HEIGHT="144.0"></String>
          </TextLine>

          
          
          <TextLine ID="eSc_line_3284f861"
                    
                    BASELINE="144 2437 2290 2478" 
                    HPOS="137.0"
                    VPOS="2405.0"
                    WIDTH="2150.0"
                    HEIGHT="130.0">
            <Shape><Polygon POINTS="140 2435 137 2483 2275 2535 2287 2476 2283 2446 140 2405 140 2435"/></Shape>
	    <String CONTENT="דימאנדאר פיאדאדיס דילאנטרי די מי קי ליס דיירה מאנטינימיינטו אינפיסארון אה פיליאר אי אב&#39;לאר"
                    HPOS="137.0"
                    VPOS="2405.0"
                    WIDTH="2150.0"
                    HEIGHT="130.0"></String>
          </TextLine>

          
          
          <TextLine ID="eSc_line_c64e4c19"
                    
                    BASELINE="144 2507 2290 2548" 
                    HPOS="137.0"
                    VPOS="2472.0"
                    WIDTH="2150.0"
                    HEIGHT="130.0">
            <Shape><Polygon POINTS="140 2505 137 2550 2275 2602 2287 2546 2283 2513 140 2472 140 2505"/></Shape>
	    <String CONTENT="דימאזייאדו דילאנטרי די מי אי אין אקיאה אורה אב&#39;יאה דימיניסטיר ייו קי מי אראב&#39;ייארה אי קי לוס אפינא"
                    HPOS="137.0"
                    VPOS="2472.0"
                    WIDTH="2150.0"
                    HEIGHT="130.0"></String>
          </TextLine>

          
          
          <TextLine ID="eSc_line_b484e2eb"
                    
                    BASELINE="155 2581 2290 2615" 
                    HPOS="148.0"
                    VPOS="2531.0"
                    WIDTH="2139.0"
                    HEIGHT="167.0">
            <Shape><Polygon POINTS="151 2579 148 2661 322 2665 326 2665 329 2665 333 2665 381 2628 496 2650 500 2650 637 2642 670 2665 674 2665 678 2665 682 2665 685 2665 689 2665 689 2661 719 2635 837 2657 841 2657 1271 2642 1794 2653 1827 2668 1853 2668 1883 2668 1897 2657 1916 2668 1927 2668 1964 2668 1964 2672 2031 2665 2057 2691 2057 2694 2060 2694 2064 2694 2068 2698 2279 2698 2287 2613 2283 2576 151 2531 151 2579"/></Shape>
	    <String CONTENT="רה פור טודו אישטו קי אב&#39;לארון . מא דיש&#39;ו איל שי&quot;ת אילייוס איזיירון קומו לו קי סון אי ייו ארי קומו לו קי"
                    HPOS="148.0"
                    VPOS="2531.0"
                    WIDTH="2139.0"
                    HEIGHT="167.0"></String>
          </TextLine>

          
          
          <TextLine ID="eSc_line_3193e5b8"
                    
                    BASELINE="1012 2663 2001 2678" 
                    HPOS="1008"
                    VPOS="2620"
                    WIDTH="989"
                    HEIGHT="111">
            <Shape><Polygon POINTS="1011 2661 1008 2702 1986 2731 1997 2676 1994 2642 1011 2620 1011 2661"/></Shape>
	    <String CONTENT="סו אי ליס אבאש&#39;ארי לה מאגנה די לוס סיילוס."
                    HPOS="1008"
                    VPOS="2620"
                    WIDTH="989"
                    HEIGHT="111"></String>
          </TextLine>

          
          
          <TextLine ID="eSc_line_ce1edd6d"
                    
                    BASELINE="156 2713 2287 2765" 
                    HPOS="151"
                    VPOS="2661"
                    WIDTH="2132"
                    HEIGHT="167">
            <Shape><Polygon POINTS="155 2709 151 2765 337 2765 344 2768 348 2772 374 2776 385 2776 392 2772 407 2761 429 2772 437 2776 448 2776 485 2776 522 2776 559 2776 596 2776 633 2780 670 2780 707 2780 719 2780 1097 2776 1152 2787 1189 2787 1226 2787 1264 2787 1289 2787 1338 2783 1378 2791 1412 2791 1449 2791 1486 2791 1512 2791 1527 2787 1812 2787 1831 2798 1857 2798 1894 2798 1931 2798 1946 2798 1968 2794 2035 2820 2042 2824 2046 2824 2272 2828 2283 2761 2283 2705 155 2661 155 2709"/></Shape>
	    <String CONTENT="בערבה ליס קיג&#39;ו דיזיר ברמז אקודראב&#39;וס לו קי איזיסטיש&#39; אראב&#39;ייאר אל שי&quot;ת אין שיטים קי אירה אין"
                    HPOS="151"
                    VPOS="2661"
                    WIDTH="2132"
                    HEIGHT="167"></String>
          </TextLine>

          
          
          <TextLine ID="eSc_line_92619bb6"
                    
                    BASELINE="144 2778 1990 2808" 
                    HPOS="137.0"
                    VPOS="2746.0"
                    WIDTH="1849.0"
                    HEIGHT="115.0">
            <Shape><Polygon POINTS="140 2776 137 2835 1975 2861 1986 2805 1983 2776 140 2746 140 2776"/></Shape>
	    <String CONTENT="ערבות מואב קי פ&#39;ואיסטיש&#39; אי ב&#39;וס אינקורב&#39;אסטיש&#39; אה לה עבודה זרה די פעור סיגון דיזי איל"
                    HPOS="137.0"
                    VPOS="2746.0"
                    WIDTH="1849.0"
                    HEIGHT="115.0"></String>
          </TextLine>

          
          
          <TextLine ID="eSc_line_9e4d1634"
                    
                    BASELINE="148 2848 2280 2880" 
                    HPOS="140.0"
                    VPOS="2813.0"
                    WIDTH="2139.0"
                    HEIGHT="118.0">
            <Shape><Polygon POINTS="144 2846 140 2894 2268 2931 2279 2876 2275 2839 144 2813 144 2846"/></Shape>
	    <String CONTENT="פסוק ויצמד ישראל לבעל פעור *קירי דיזיר קי סי אג&#39;ונטארון ישראל קון דיטה עבודה זרה קומו און אומברי קי"
                    HPOS="140.0"
                    VPOS="2813.0"
                    WIDTH="2139.0"
                    HEIGHT="118.0"></String>
          </TextLine>

          
          
          <TextLine ID="eSc_line_9be0a234"
                    
                    BASELINE="144 2915 2280 2950" 
                    HPOS="137.0"
                    VPOS="2880.0"
                    WIDTH="2142.0"
                    HEIGHT="126.0">
            <Shape><Polygon POINTS="140 2913 137 2961 2268 3006 2279 2946 2275 2917 140 2880 140 2913"/></Shape>
	    <String CONTENT="טייני אונה מאנילייא אפריטאדה מונג&#39;ו אין סו בראסו קי נו פואידי סאליר דיל בראסו אי קומו און קלאב&#39;ו קי"
                    HPOS="137.0"
                    VPOS="2880.0"
                    WIDTH="2142.0"
                    HEIGHT="126.0"></String>
          </TextLine>

          
          
          <TextLine ID="eSc_line_ac38e8fe"
                    
                    BASELINE="144 2982 2279 3018" 
                    HPOS="137.0"
                    VPOS="2935.0"
                    WIDTH="2138.0"
                    HEIGHT="141.0">
            <Shape><Polygon POINTS="140 2980 137 3028 2264 3076 2275 3017 2272 2983 140 2935 140 2980"/></Shape>
	    <String CONTENT="איסטה מוי אינקלאב&#39;אדו אין לה טאב&#39;לה קי נו פואידי סאליר די אליי אי איסטו לי וינו מאס פ&#39;ואירטי אה איל"
                    HPOS="137.0"
                    VPOS="2935.0"
                    WIDTH="2138.0"
                    HEIGHT="141.0"></String>
          </TextLine>

          
          
          <TextLine ID="eSc_line_26d132c3"
                    
                    BASELINE="144 3056 2283 3089" 
                    HPOS="137.0"
                    VPOS="3017.0"
                    WIDTH="2142.0"
                    HEIGHT="118.0">
            <Shape><Polygon POINTS="140 3054 137 3098 2268 3135 2279 3087 2279 3054 140 3017 140 3054"/></Shape>
	    <String CONTENT="שי&quot;ת מאס קי קואנדו איזיירון איל עגל . אי אנסי איניל עגל קאליירון די ישראל קומו טריס מיל אלמאס סיגון"
                    HPOS="137.0"
                    VPOS="3017.0"
                    WIDTH="2142.0"
                    HEIGHT="118.0"></String>
          </TextLine>

          
          
          <TextLine ID="eSc_line_a7e8bb20"
                    
                    BASELINE="144 3119 2279 3152" 
                    HPOS="137.0"
                    VPOS="3087.0"
                    WIDTH="2138.0"
                    HEIGHT="126.0">
            <Shape><Polygon POINTS="140 3117 137 3165 2264 3213 2275 3150 2272 3109 140 3087 140 3117"/></Shape>
	    <String CONTENT="סי אב&#39;יזו אין לה פרשה די כי תשא . אי אקי אין איסטו די פעור מוריירון אין לה מגפה וינטי אי קואטרו מיל"
                    HPOS="137.0"
                    VPOS="3087.0"
                    WIDTH="2138.0"
                    HEIGHT="126.0"></String>
          </TextLine>

          
          
          <TextLine ID="eSc_line_111e6075"
                    
                    BASELINE="140 3193 2131 3226 2278 3222" 
                    HPOS="133.0"
                    VPOS="3158.0"
                    WIDTH="2142.0"
                    HEIGHT="129.0">
            <Shape><Polygon POINTS="137 3191 133 3232 278 3258 281 3258 830 3250 1049 3250 1067 3258 1082 3265 1097 3265 1104 3265 1126 3258 1149 3250 1160 3261 1167 3269 1171 3269 1208 3269 1208 3269 1256 3261 1319 3254 2268 3287 2275 3221 2272 3187 137 3158 137 3191"/></Shape>
	    <String CONTENT="סיגון דיזי איל פסוק ויהיו המתים במגפה ארבעה ועשרים אלף אי ויניסטיש&#39; אשטה קאפ&#39;ראר קון גואיסטראס"
                    HPOS="133.0"
                    VPOS="3158.0"
                    WIDTH="2142.0"
                    HEIGHT="129.0"></String>
          </TextLine>

          
          
          <TextLine ID="eSc_line_5feadf90"
                    
                    BASELINE="918 3271 2079 3293" 
                    HPOS="911"
                    VPOS="3235"
                    WIDTH="1164"
                    HEIGHT="112">
            <Shape><Polygon POINTS="915 3269 911 3313 1831 3343 1838 3343 1838 3343 1946 3347 1949 3347 1986 3347 2023 3347 2060 3347 2064 3347 2075 3291 2072 3258 915 3235 915 3269"/></Shape>
	    <String CONTENT="בוקאס אין לה ליי די משה פארה סירב&#39;יר דיטה עבודה זרה."
                    HPOS="911"
                    VPOS="3235"
                    WIDTH="1164"
                    HEIGHT="112"></String>
          </TextLine>

          
          
          <TextLine ID="eSc_line_4001dcab"
                    
                    BASELINE="148 3323 2250 3376 2185 3374 2253 3376" 
                    HPOS="140"
                    VPOS="3284"
                    WIDTH="2110"
                    HEIGHT="144">
            <Shape><Polygon POINTS="144 3321 140 3361 1538 3406 1549 3406 1586 3406 1623 3406 1660 3410 1697 3410 1734 3410 1771 3410 1808 3410 1845 3410 1883 3413 1920 3413 1957 3413 1994 3413 2031 3413 2068 3413 2072 3421 2242 3428 2250 3373 2246 3317 2098 3332 1957 3332 1938 3313 1938 3310 1934 3310 1931 3310 1927 3310 1923 3310 1920 3310 1864 3324 1768 3306 1749 3306 144 3284 144 3321"/></Shape>
	    <String CONTENT="אי *אקונטיסייו מעשה אין און פאש&#39;ה קי וינו די אוטרה סיב&#39;דאד פארה סירב&#39;יר אה דיטה עבודה זרה"
                    HPOS="140"
                    VPOS="3284"
                    WIDTH="2110"
                    HEIGHT="144"></String>
          </TextLine>

          
          
          <TextLine ID="eSc_line_79bfe981"
                    
                    BASELINE="140 3389 2079 3423" 
                    HPOS="133.0"
                    VPOS="3343.0"
                    WIDTH="1942.0"
                    HEIGHT="130.0">
            <Shape><Polygon POINTS="137 3387 133 3436 2064 3473 2075 3421 2075 3380 137 3343 137 3387"/></Shape>
	    <String CONTENT="די פעור אי טרוש&#39;ו און קארנירו פארה אלייגאר פור קרבן דילאנטרי די דיטה עבודה זרה אי לי"
                    HPOS="133.0"
                    VPOS="3343.0"
                    WIDTH="1942.0"
                    HEIGHT="130.0"></String>
          </TextLine>

          
          
          <TextLine ID="eSc_line_759f1d17"
                    
                    BASELINE="144 3452 2275 3493" 
                    HPOS="137.0"
                    VPOS="3421.0"
                    WIDTH="2135.0"
                    HEIGHT="129.0">
            <Shape><Polygon POINTS="140 3450 137 3502 2261 3550 2272 3491 2268 3447 140 3421 140 3450"/></Shape>
	    <String CONTENT="דיש&#39;ירון אה איל קי איל ריג&#39;ו די סירב&#39;יר דיטה עבודה זרה אירה קון אזיר סוס מיניסטיריס דילאנטרי די אילייא"
                    HPOS="137.0"
                    VPOS="3421.0"
                    WIDTH="2135.0"
                    HEIGHT="129.0"></String>
          </TextLine>

          
          
          <TextLine ID="eSc_line_630c7330"
                    
                    BASELINE="140 3527 2272 3567" 
                    HPOS="133.0"
                    VPOS="3484.0"
                    WIDTH="2135.0"
                    HEIGHT="133.0">
            <Shape><Polygon POINTS="137 3525 133 3573 2257 3617 2268 3565 2264 3528 137 3484 137 3525"/></Shape>
	    <String CONTENT="אין אקיאה אורה סי אראב&#39;ייו דיטו פאש&#39;ה קון אקיאה ג&#39;ינטי אי מאנדו אה סו ג&#39;ינטי קי לוס חארב&#39;אראן אי"
                    HPOS="133.0"
                    VPOS="3484.0"
                    WIDTH="2135.0"
                    HEIGHT="133.0"></String>
          </TextLine>

          
          
          <TextLine ID="eSc_line_544e0533"
                    
                    BASELINE="144 3593 2272 3638" 
                    HPOS="137.0"
                    VPOS="3558.0"
                    WIDTH="2131.0"
                    HEIGHT="137.0">
            <Shape><Polygon POINTS="140 3591 137 3639 2257 3695 2268 3636 2264 3595 140 3558 140 3591"/></Shape>
	    <String CONTENT="לוס חארב&#39;ארון אסטה קי ליס פארטיירון לוס מיאולייוס אי לוס מאלדיש&#39;ו אה אילייוס אי אה שו עבודה"
                    HPOS="137.0"
                    VPOS="3558.0"
                    WIDTH="2131.0"
                    HEIGHT="137.0"></String>
          </TextLine>

          
          
          <TextLine ID="eSc_line_b267fde2"
                    
                    BASELINE="140 3660 2272 3708" 
                    HPOS="133.0"
                    VPOS="3625.0"
                    WIDTH="2135.0"
                    HEIGHT="137.0">
            <Shape><Polygon POINTS="137 3658 133 3702 2257 3762 2268 3706 2268 3673 137 3625 137 3658"/></Shape>
	    <String CONTENT="זרה די אילייוס דיזיינדו קי מודו די עבודה זרה איס איסטה קי איסטו איס סו סירב&#39;ימיינטו. אי פור איסטו לי"
                    HPOS="133.0"
                    VPOS="3625.0"
                    WIDTH="2135.0"
                    HEIGHT="137.0"></String>
          </TextLine>

          
          
          <TextLine ID="eSc_line_9156cc56"
                    
                    BASELINE="148 3734 2275 3775" 
                    HPOS="140.0"
                    VPOS="3684.0"
                    WIDTH="2132.0"
                    HEIGHT="144.0">
            <Shape><Polygon POINTS="144 3732 140 3777 2261 3828 2272 3773 2268 3740 144 3684 144 3732"/></Shape>
	    <String CONTENT="וינו מוי פ&#39;ואירטי אל שי&quot;ת אי סי אראב&#39;ייו מונג&#39;ו אין איסטו מאס קי איל עגל פורקי דיש&#39;ו אפילו אין לוש קי"
                    HPOS="140.0"
                    VPOS="3684.0"
                    WIDTH="2132.0"
                    HEIGHT="144.0"></String>
          </TextLine>

          
          
          <TextLine ID="eSc_line_060836b0"
                    
                    BASELINE="144 3801 2272 3842" 
                    HPOS="137.0"
                    VPOS="3762.0"
                    WIDTH="2131.0"
                    HEIGHT="130.0">
            <Shape><Polygon POINTS="140 3799 137 3854 2257 3892 2268 3840 2264 3806 140 3762 140 3799"/></Shape>
	    <String CONTENT="סיירב&#39;ין עבודה זרה אין איסטי סירב&#39;ימיינטו די איסטה עבודה זרה די פעור סיינדו סו סירב&#39;ימיינטו איס קון"
                    HPOS="137.0"
                    VPOS="3762.0"
                    WIDTH="2131.0"
                    HEIGHT="130.0"></String>
          </TextLine>

          
          
          <TextLine ID="eSc_line_d5aa91be"
                    
                    BASELINE="155 3868 2264 3901" 
                    HPOS="148.0"
                    VPOS="3828.0"
                    WIDTH="2113.0"
                    HEIGHT="130.0">
            <Shape><Polygon POINTS="151 3866 148 3917 2250 3958 2261 3899 2257 3869 151 3828 151 3866"/></Shape>
	    <String CONTENT="אזיר סוס מיניסטיריס אזין בורלה לוס קי סיירב&#39;ין עבודה זרה סיגון פ&#39;ואי איסטי פאש&#39;ה קי מאלדיש&#39;ו"
                    HPOS="148.0"
                    VPOS="3828.0"
                    WIDTH="2113.0"
                    HEIGHT="130.0"></String>
          </TextLine>

          
          
          <TextLine ID="eSc_line_e2ba493b"
                    
                    BASELINE="148 3938 2272 3975" 
                    HPOS="140.0"
                    VPOS="3903.0"
                    WIDTH="2128.0"
                    HEIGHT="200.0">
            <Shape><Polygon POINTS="2261 3921 144 3903 144 3936 140 4066 385 4073 389 4073 392 4073 396 4073 474 4047 607 4077 619 4077 882 4081 885 4081 889 4081 893 4081 989 4055 1171 4062 1193 4084 1193 4088 1197 4088 1200 4088 1204 4088 1223 4088 1382 4062 1530 4084 1534 4084 1538 4084 1593 4066 1619 4092 1619 4095 1623 4095 1627 4095 1630 4095 1634 4095 1638 4095 1668 4073 1708 4092 1712 4092 1716 4092 1820 4069 1857 4099 1860 4099 1864 4099 1868 4099 1871 4099 1875 4099 1912 4073 2046 4073 2257 4103 2268 3973 2268 3940 2261 3921"/></Shape>
	    <String CONTENT="אה לה עבודה זרה אי אה לוס קי לה סיירב&#39;ין אי ב&#39;וזוטרוס  קי ב&#39;וס אפיגאראש&#39; אישטי קאראר קון אילייא"
                    HPOS="140.0"
                    VPOS="3903.0"
                    WIDTH="2128.0"
                    HEIGHT="200.0"></String>
          </TextLine>

          
        </TextBlock>
        

        
      </PrintSpace>
    </Page>
  </Layout>
</alto>
