<?xml version="1.0" encoding="UTF-8"?>
<alto xmlns:xsi="http://www.w3.org/2001/XMLSchema-instance"
      xmlns="http://www.loc.gov/standards/alto/ns-v4#"
      xsi:schemaLocation="http://www.loc.gov/standards/alto/ns-v4# http://www.loc.gov/standards/alto/v4/alto-4-2.xsd">
  <Description>
    <MeasurementUnit>pixel</MeasurementUnit>
    <sourceImageInformation>
      <fileName>Meam Loez Devarim Kushtandina 1773_24.jpg</fileName>
      
    </sourceImageInformation>
  </Description>
  
  <Layout>
    <Page WIDTH="2680"
          HEIGHT="4448"
          PHYSICAL_IMG_NR="23"
          ID="eSc_dummypage_">
      <PrintSpace HPOS="0"
                  VPOS="0"
                  WIDTH="2680"
                  HEIGHT="4448">
        
        <TextBlock HPOS="14.0"
                   VPOS="163.0"
                   WIDTH="2532.0"
                   HEIGHT="3999.0"
                   ID="eSc_textblock_92a39bc6"
                   >
          <Shape><Polygon POINTS="2175 370 2190 663 2413 711 2368 782 2209 796 2190 900 2442 963 2442 1034 2238 1048 2190 1112 2442 1200 2427 1256 2190 1289 2209 1438 2413 1467 2383 1523 2205 1556 2205 1864 2531 1971 2546 2279 2220 2342 2224 2461 2502 2490 2457 2798 2224 2843 2220 2946 2472 2980 2531 3050 2205 3098 2220 4088 2175 4118 429 4103 192 4162 29 4073 14 1423 29 1215 207 1141 29 1108 14 1023 88 530 59 281 133 263 74 207 252 163 2161 177 2368 252 2338 337 2175 370"/></Shape>
          
          
          <TextLine ID="eSc_line_29efb6eb"
                    
                    BASELINE="11 187 2146 191" 
                    HPOS="3"
                    VPOS="137"
                    WIDTH="2139"
                    HEIGHT="111">
            <Shape><Polygon POINTS="2116 174 2079 174 2042 174 2005 174 1968 174 1931 174 1894 174 1857 174 1820 174 1782 174 1745 174 1708 174 1671 170 1634 170 1597 170 1560 170 1523 170 1486 170 1449 170 1412 170 1375 170 1338 170 1301 170 1264 170 1226 170 1189 166 1152 166 1115 166 1078 166 1041 166 1004 166 967 166 930 166 893 166 856 166 819 166 782 166 745 166 707 163 670 163 633 163 596 163 559 163 522 163 485 163 448 163 411 163 374 163 337 163 300 163 263 163 226 166 189 174 151 177 140 137 7 137 7 185 3 244 40 244 77 244 114 244 151 244 189 244 226 244 263 244 300 244 337 244 374 244 411 244 448 244 485 244 522 244 559 244 596 244 633 244 670 244 707 244 719 244 2131 248 2142 189 2138 174 2116 174"/></Shape>
	    <String CONTENT="ואשמיעם את דברי . קירי דיזיר אפאנייאלוש אה טודוש אין אונה ואנדה אי דישפואיש אזליש אולייר אה מיש"
                    HPOS="3"
                    VPOS="137"
                    WIDTH="2139"
                    HEIGHT="111"></String>
          </TextLine>

          
          
          <TextLine ID="eSc_line_8cd0dab7"
                    
                    BASELINE="16 256 2146 260" 
                    HPOS="11"
                    VPOS="222"
                    WIDTH="2131"
                    HEIGHT="96">
            <Shape><Polygon POINTS="122 248 85 226 81 222 14 222 14 255 11 300 2131 318 2142 259 2138 226 137 222 122 248"/></Shape>
	    <String CONTENT="פאלאב&#39;ראש. *טרישירה איש קי שיירטו אב&#39;יאן מונג&#39;וש צדיקים אין ישראל קי נו פיקארון אין נינגונה די"
                    HPOS="11"
                    VPOS="222"
                    WIDTH="2131"
                    HEIGHT="96"></String>
          </TextLine>

          
          
          <TextLine ID="eSc_line_1827a477"
                    
                    BASELINE="9 322 2135 328" 
                    HPOS="3"
                    VPOS="274"
                    WIDTH="2128"
                    HEIGHT="111">
            <Shape><Polygon POINTS="7 318 3 374 2120 385 2131 326 2127 296 7 274 7 318"/></Shape>
	    <String CONTENT="אישטאש קוזאש קי ליש ב&#39;א אינמינטאנדו סיגון לו אב&#39;יזארימוש מאש אדילאנטרי. אי שי ייאמאב&#39;ה סולו"
                    HPOS="3"
                    VPOS="274"
                    WIDTH="2128"
                    HEIGHT="111"></String>
          </TextLine>

          
          
          <TextLine ID="eSc_line_3b2bc653"
                    
                    BASELINE="8 399 2138 398" 
                    HPOS="7"
                    VPOS="352"
                    WIDTH="2128"
                    HEIGHT="103">
            <Shape><Polygon POINTS="7 396 7 452 44 452 81 452 118 452 155 452 192 452 229 452 266 452 303 452 341 452 378 452 415 452 452 452 489 452 526 452 563 452 600 452 637 452 674 452 711 452 748 452 785 452 822 452 859 452 897 452 930 452 971 452 1008 452 1045 452 1082 452 1119 452 1156 452 1193 452 1230 452 1267 452 1304 452 1341 452 1378 452 1415 452 1453 452 1490 452 1527 452 1564 452 1601 452 1638 452 1675 452 1712 452 1749 452 1786 452 1823 452 1857 452 1897 452 1934 452 1972 452 2009 452 2046 452 2083 452 2120 452 2135 455 2135 396 2135 363 7 352 7 396"/></Shape>
	    <String CONTENT="אה לוש קי פיקארון אי איזיירון אראב&#39;ייאר אה איל שי&quot;ת שי גושטאב&#39;אן לה אוטרה פארטידה קי נו פיקארון"
                    HPOS="7"
                    VPOS="352"
                    WIDTH="2128"
                    HEIGHT="103"></String>
          </TextLine>

          
          
          <TextLine ID="eSc_line_7600be5b"
                    
                    BASELINE="13 453 2135 457" 
                    HPOS="7"
                    VPOS="426"
                    WIDTH="2124"
                    HEIGHT="89">
            <Shape><Polygon POINTS="11 452 7 504 2120 515 2131 455 2127 429 11 426 11 452"/></Shape>
	    <String CONTENT="דיזיינדו מוזוטרוש נו פיקימוש אי פור אישטו נו מוש מאנדו אה ייאמאר אה מוזוטרוש. פור אישטו לוש אקוג&#39;ו"
                    HPOS="7"
                    VPOS="426"
                    WIDTH="2124"
                    HEIGHT="89"></String>
          </TextLine>

          
          
          <TextLine ID="eSc_line_ae0780a4"
                    
                    BASELINE="13 521 2146 532" 
                    HPOS="7"
                    VPOS="485"
                    WIDTH="2135"
                    HEIGHT="104">
            <Shape><Polygon POINTS="81 492 74 485 11 485 11 518 7 570 1775 589 1786 589 1823 589 1860 589 1897 589 1934 589 1972 589 2009 589 2046 589 2083 589 2120 589 2131 589 2142 530 2138 500 85 485 81 492"/></Shape>
	    <String CONTENT="אה טודוש טאנטו אה לוש קי פיקארון קומו לוש קי נו פיקארון אי לוש קאשטיגו אה טודוש ג&#39;ונטוש פארה"
                    HPOS="7"
                    VPOS="485"
                    WIDTH="2135"
                    HEIGHT="104"></String>
          </TextLine>

          
          
          <TextLine ID="eSc_line_ae7ee61a"
                    
                    BASELINE="13 591 2153 598" 
                    HPOS="7"
                    VPOS="559"
                    WIDTH="2142"
                    HEIGHT="93">
            <Shape><Polygon POINTS="11 589 7 641 537 644 563 644 600 644 637 644 674 644 711 644 722 644 1071 648 1082 648 1119 648 1156 648 1193 648 1230 648 1267 648 1304 648 1341 648 1378 648 1415 648 1438 648 1605 652 1638 652 1675 652 1712 652 1749 652 1786 652 1823 652 1860 652 1897 652 1934 652 1972 652 2009 652 2046 652 2083 652 2120 652 2138 652 2149 596 2146 567 11 559 11 589"/></Shape>
	    <String CONTENT="דארליש אה אינטינדיר קי שי אילייוש דיפ&#39;ינדיאן אין שוש מאנוש אי לוש גריטאב&#39;אן שיירטו קי שי אליש&#39;אב&#39;אן"
                    HPOS="7"
                    VPOS="559"
                    WIDTH="2142"
                    HEIGHT="93"></String>
          </TextLine>

          
          
          <TextLine ID="eSc_line_51bbd2d7"
                    
                    BASELINE="13 650 2153 661" 
                    HPOS="7"
                    VPOS="626"
                    WIDTH="2142"
                    HEIGHT="96">
            <Shape><Polygon POINTS="11 648 7 715 44 715 81 715 118 715 155 715 192 715 229 715 266 715 303 715 341 715 378 715 415 715 452 715 489 715 526 715 563 715 600 715 637 715 674 715 711 719 748 719 785 719 822 719 859 719 897 719 934 719 971 719 1008 719 1045 719 1082 719 1119 719 1156 719 1193 719 1230 719 1267 719 1304 719 1341 719 1378 719 1415 719 1453 722 1490 722 1527 722 1564 722 1601 722 1638 722 1675 722 1712 722 1749 722 1786 722 1823 722 1860 722 1897 722 1934 722 1972 722 2009 722 2046 722 2083 722 2120 722 2138 722 2149 659 2146 633 11 626 11 648"/></Shape>
	    <String CONTENT="אי נו פיקאב&#39;אן אי שי לייאמה קי אילייוש פ&#39;ואירון סיבה קי פיקארון אי שי לייאמה קומו שי אילייוש מיזמוש"
                    HPOS="7"
                    VPOS="626"
                    WIDTH="2142"
                    HEIGHT="96"></String>
          </TextLine>

          
          
          <TextLine ID="eSc_line_4edd2a06"
                    
                    BASELINE="13 721 2138 732 2153 730" 
                    HPOS="7"
                    VPOS="693"
                    WIDTH="2142"
                    HEIGHT="100">
            <Shape><Polygon POINTS="11 719 7 770 1838 793 1860 793 1897 793 1934 793 1972 793 2009 793 2046 793 2083 793 2120 793 2146 793 2149 726 2146 704 11 693 11 719"/></Shape>
	    <String CONTENT="שון לוש קי פיקארון אי איזיירון אראב&#39;ייאר אאיל שי&quot;ת. קוארטינה איש קי שי לייאמאב&#39;ה פארטידה די"
                    HPOS="7"
                    VPOS="693"
                    WIDTH="2142"
                    HEIGHT="100"></String>
          </TextLine>

          
          
          <TextLine ID="eSc_line_0ebe3199"
                    
                    BASELINE="18 791 2153 802" 
                    HPOS="11"
                    VPOS="748"
                    WIDTH="2138"
                    HEIGHT="111">
            <Shape><Polygon POINTS="51 770 33 748 14 748 14 789 11 848 48 848 85 848 122 848 159 848 196 848 233 848 270 848 307 848 344 848 381 848 418 848 455 848 493 848 530 848 567 852 604 852 641 852 678 852 715 852 752 852 789 852 826 852 863 852 900 852 937 852 974 852 1011 852 1049 852 1086 856 1123 856 1160 856 1197 856 1234 856 1271 856 1308 856 1345 856 1382 856 1419 856 1456 856 1493 856 1530 856 1567 856 1605 856 1642 859 1679 859 1716 859 1753 859 1790 859 1827 859 1864 859 1901 859 1938 859 1975 859 2012 859 2049 859 2086 859 2123 859 2138 859 2149 800 2146 770 66 748 51 770"/></Shape>
	    <String CONTENT="אילייוש דיזיאן לה אוטרה פארטידה קי נו פ&#39;ואירון דילאנטרי ד משה רבינו אה לוש אוטרוש נו פ&#39;ואישטיש&#39;"
                    HPOS="11"
                    VPOS="748"
                    WIDTH="2138"
                    HEIGHT="111"></String>
          </TextLine>

          
          
          <TextLine ID="eSc_line_a2cff598"
                    
                    BASELINE="13 854 2153 869" 
                    HPOS="7"
                    VPOS="826"
                    WIDTH="2142"
                    HEIGHT="100">
            <Shape><Polygon POINTS="11 852 7 904 2138 926 2149 867 2146 841 11 826 11 852"/></Shape>
	    <String CONTENT="קאדיר אה סאב&#39;יר רישפונדירלי שו ריפואישטה שי מוש טופאב&#39;אמוש נזוטרוש אליי לי איב&#39;אמוש רישפונדיינדו"
                    HPOS="7"
                    VPOS="826"
                    WIDTH="2142"
                    HEIGHT="100"></String>
          </TextLine>

          
          
          <TextLine ID="eSc_line_7158c0a3"
                    
                    BASELINE="9 921 2153 936" 
                    HPOS="3"
                    VPOS="893"
                    WIDTH="2146"
                    HEIGHT="96">
            <Shape><Polygon POINTS="7 919 3 985 40 985 77 985 114 985 151 985 189 985 226 985 263 985 300 985 337 985 374 985 411 985 448 985 485 985 522 985 559 985 596 985 633 985 670 985 707 985 745 985 782 985 819 985 856 985 893 985 930 985 967 985 1004 985 1041 985 1078 989 1115 989 1152 989 1189 989 1226 989 1264 989 1301 989 1338 989 1375 989 1412 989 1449 989 1486 989 1523 989 1560 989 1597 989 1634 989 1671 989 1708 989 1745 989 1782 989 1820 989 1857 989 1894 989 1931 989 1968 989 2005 989 2042 989 2079 989 2116 989 2138 989 2149 934 2146 908 7 893 7 919"/></Shape>
	    <String CONTENT="אין קאדה אב&#39;לה אי אב&#39;לה שו ריפואישטה. פור אישטו לוש אקוג&#39;ו אה טודוש די ג&#39;יקו אשטה גראנדי אי"
                    HPOS="3"
                    VPOS="893"
                    WIDTH="2146"
                    HEIGHT="96"></String>
          </TextLine>

          
          
          <TextLine ID="eSc_line_a537c3d0"
                    
                    BASELINE="13 991 2153 999" 
                    HPOS="7"
                    VPOS="963"
                    WIDTH="2142"
                    HEIGHT="97">
            <Shape><Polygon POINTS="11 989 7 1045 2138 1060 2149 997 2146 974 11 963 11 989"/></Shape>
	    <String CONTENT="אינפישו אה קאשטיגארלוש אי שו בוז שי איב&#39;ה אוליינדו פור טודו איל מחנה די ישראל אי ליש דיש&#39;ו טודוש"
                    HPOS="7"
                    VPOS="963"
                    WIDTH="2142"
                    HEIGHT="97"></String>
          </TextLine>

          
          
          <TextLine ID="eSc_line_05a43e33"
                    
                    BASELINE="27 1066 2164 1077" 
                    HPOS="22"
                    VPOS="1030"
                    WIDTH="2139"
                    HEIGHT="107">
            <Shape><Polygon POINTS="25 1063 22 1115 1438 1130 1467 1130 1504 1130 1542 1130 1579 1130 1616 1130 1634 1130 1794 1134 1801 1134 1838 1134 1875 1134 1912 1134 1949 1134 1986 1134 2023 1134 2023 1134 2149 1137 2161 1074 2157 1037 25 1030 25 1063"/></Shape>
	    <String CONTENT="אישטאש&#39; אקי די ג&#39;יקו אשטה גראנדי שי איש קי אלגונו טייני אלגונה ריפואישטה קי רישפונדירמי אין אישטו"
                    HPOS="22"
                    VPOS="1030"
                    WIDTH="2139"
                    HEIGHT="107"></String>
          </TextLine>

          
          
          <TextLine ID="eSc_line_1f9effc1"
                    
                    BASELINE="1249 1136 2038 1143" 
                    HPOS="1241.0"
                    VPOS="1108.0"
                    WIDTH="794.0"
                    HEIGHT="81.0">
            <Shape><Polygon POINTS="1245 1134 1241 1189 1278 1189 1315 1189 1352 1189 1390 1189 1427 1189 1464 1189 1501 1189 1538 1189 1575 1189 1612 1189 1649 1189 1686 1189 1723 1189 1760 1189 1797 1189 1834 1189 1871 1189 1908 1189 1946 1189 1983 1189 2020 1189 2027 1189 2035 1141 2031 1115 1245 1108 1245 1134"/></Shape>
	    <String CONTENT="קי אישטו אב&#39;לאנדו קי מי רישפונדה:"
                    HPOS="1241.0"
                    VPOS="1108.0"
                    WIDTH="794.0"
                    HEIGHT="81.0"></String>
          </TextLine>

          
          
          <TextLine ID="eSc_line_06b95886"
                    
                    BASELINE="22 1208 2159 1195" 
                    HPOS="14"
                    VPOS="1163"
                    WIDTH="2143"
                    HEIGHT="104">
            <Shape><Polygon POINTS="126 1171 88 1186 51 1200 37 1163 14 1163 18 1204 18 1256 55 1256 92 1256 129 1256 166 1256 203 1256 240 1256 278 1256 315 1256 352 1256 389 1256 426 1256 463 1256 500 1256 537 1260 574 1260 611 1260 648 1260 685 1260 722 1260 759 1260 796 1260 834 1260 871 1260 908 1260 945 1260 982 1260 1019 1260 1052 1260 1082 1263 1093 1263 1130 1263 1167 1263 1204 1263 1241 1263 1278 1263 1315 1263 1352 1263 1390 1263 1427 1263 1464 1263 1501 1263 1516 1263 2149 1267 2157 1193 2153 1171 140 1163 126 1171"/></Shape>
	    <String CONTENT="אי טירניש&#39; קי דימאנדאר קי ריפואישטה פודיאן רישפונדיר קי שושפיג&#39;ו משה נו שיאה קי רישפונודייראן"
                    HPOS="14"
                    VPOS="1163"
                    WIDTH="2143"
                    HEIGHT="104"></String>
          </TextLine>

          
          
          <TextLine ID="eSc_line_32b9a828"
                    
                    BASELINE="22 1271 2046 1277" 
                    HPOS="14"
                    VPOS="1230"
                    WIDTH="2028"
                    HEIGHT="100">
            <Shape><Polygon POINTS="18 1260 18 1267 14 1323 682 1326 719 1326 756 1326 793 1326 830 1326 867 1326 904 1326 941 1326 978 1326 1015 1326 1052 1326 1071 1326 1356 1330 1386 1330 1423 1330 1460 1330 1497 1330 1534 1330 1571 1330 1608 1330 1645 1330 1682 1330 1719 1330 1757 1330 1794 1330 1831 1330 1868 1330 1905 1330 1942 1330 1979 1330 2016 1330 2031 1330 2042 1275 2035 1230 33 1234 18 1260"/></Shape>
	    <String CONTENT="אי פור אישטו לוש אקוג&#39;ו אה טודוש די ג&#39;יקו אשטה גראנדי. סאב&#39;ריש&#39; קי אב&#39;לאנדו לאש פאלאב&#39;ראש"
                    HPOS="14"
                    VPOS="1230"
                    WIDTH="2028"
                    HEIGHT="100"></String>
          </TextLine>

          
          
          <TextLine ID="eSc_line_2d2b1559"
                    
                    BASELINE="22 1336 2168 1340" 
                    HPOS="14"
                    VPOS="1308"
                    WIDTH="2150"
                    HEIGHT="93">
            <Shape><Polygon POINTS="18 1334 14 1386 2153 1401 2164 1338 2164 1312 18 1308 18 1334"/></Shape>
	    <String CONTENT="פור בוקה די אוטרו נו פואידי שיר שי נו פוג&#39;ה אלגונאש פאלאב&#39;ראש או מינגואה אלגונאש פאלאב&#39;ראש אי"
                    HPOS="14"
                    VPOS="1308"
                    WIDTH="2150"
                    HEIGHT="93"></String>
          </TextLine>

          
          
          <TextLine ID="eSc_line_58fa55e3"
                    
                    BASELINE="18 1399 2172 1410" 
                    HPOS="11"
                    VPOS="1371"
                    WIDTH="2157"
                    HEIGHT="100">
            <Shape><Polygon POINTS="14 1397 11 1456 2157 1471 2168 1408 2164 1375 14 1371 14 1397"/></Shape>
	    <String CONTENT="אישטונשיש פודיאן אפ&#39;ירארשי די אלגונה פאלאב&#39;רה אי רישפונדיר אלגונה ריפואישטה. פירו אוליינדו לאש"
                    HPOS="11"
                    VPOS="1371"
                    WIDTH="2157"
                    HEIGHT="100"></String>
          </TextLine>

          
          
          <TextLine ID="eSc_line_027c4565"
                    
                    BASELINE="13 1479 2116 1481 2163 1477" 
                    HPOS="7"
                    VPOS="1449"
                    WIDTH="2154"
                    HEIGHT="89">
            <Shape><Polygon POINTS="11 1478 11 1523 2153 1538 2161 1475 2157 1449 7 1449 11 1478"/></Shape>
	    <String CONTENT="פאלאב&#39;רא ש טודוש די בוקה די משה רבינו שיירטו קי נו טיניאן נינגונה ריפואישטה קי רישפונדיר. אי שי"
                    HPOS="7"
                    VPOS="1449"
                    WIDTH="2154"
                    HEIGHT="89"></String>
          </TextLine>

          
          
          <TextLine ID="eSc_line_8456ec96"
                    
                    BASELINE="22 1544 2175 1551" 
                    HPOS="14"
                    VPOS="1504"
                    WIDTH="2158"
                    HEIGHT="104">
            <Shape><Polygon POINTS="18 1541 14 1590 2161 1608 2172 1549 2172 1508 18 1504 18 1541"/></Shape>
	    <String CONTENT="טאמביין קי טיניאן אונה ריפואישטה קי רישפונדיר אה דיזיר קי טינימוש מוזוטרוש קי מוש ב&#39;אש&#39; אנוג&#39;אנדו"
                    HPOS="14"
                    VPOS="1504"
                    WIDTH="2158"
                    HEIGHT="104"></String>
          </TextLine>

          
          
          <TextLine ID="eSc_line_6055979f"
                    
                    BASELINE="13 1603 2175 1618" 
                    HPOS="7"
                    VPOS="1571"
                    WIDTH="2165"
                    HEIGHT="108">
            <Shape><Polygon POINTS="11 1601 7 1660 2161 1679 2172 1616 2168 1586 11 1571 11 1601"/></Shape>
	    <String CONTENT="אי קאסטיגאנדומוס טאנטו קון פאלאב&#39;ראס נואיסטרוס פאדרים פ&#39;ואי קי פיקארון אי איזיירון טודו איסטו"
                    HPOS="7"
                    VPOS="1571"
                    WIDTH="2165"
                    HEIGHT="108"></String>
          </TextLine>

          
          
          <TextLine ID="eSc_line_7ddc2e62"
                    
                    BASELINE="18 1670 2175 1688" 
                    HPOS="11"
                    VPOS="1638"
                    WIDTH="2161"
                    HEIGHT="104">
            <Shape><Polygon POINTS="14 1668 11 1719 2161 1742 2172 1686 2168 1656 14 1638 14 1668"/></Shape>
	    <String CONTENT="פירו נוזוטרוס קי איזימוס קי מוס ב&#39;אש טאנטו קאסטיגאנדו אינפירו איסטאנדו אה לה קארה די משה רבינו"
                    HPOS="11"
                    VPOS="1638"
                    WIDTH="2161"
                    HEIGHT="104"></String>
          </TextLine>

          
          
          <TextLine ID="eSc_line_160916ab"
                    
                    BASELINE="0 1736 2179 1755" 
                    HPOS="33.0"
                    VPOS="1705.0"
                    WIDTH="2142.0"
                    HEIGHT="107.0">
            <Shape><Polygon POINTS="33 1797 455 1801 478 1801 515 1801 552 1801 589 1801 626 1801 663 1801 882 1805 885 1805 922 1805 960 1805 1308 1808 1330 1808 1367 1808 1404 1808 1441 1808 1479 1808 1516 1808 1553 1808 1590 1808 1616 1808 1734 1812 1738 1812 1775 1812 1812 1812 1849 1812 1886 1812 1923 1812 1960 1812 1997 1812 2035 1812 2072 1812 2109 1812 2146 1812 2164 1812 2175 1753 2175 1712 37 1705 37 1734"/></Shape>
	    <String CONTENT="נו אב&#39;לארון ני נגונו נאדה אי ריסיב&#39;יירון טודוס סוס קאסטיגירייוס קומו סי פ&#39;ואיראן אילייוס פרופייוס קי"
                    HPOS="33.0"
                    VPOS="1705.0"
                    WIDTH="2142.0"
                    HEIGHT="107.0"></String>
          </TextLine>

          
          
          <TextLine ID="eSc_line_76fb5e8f"
                    
                    BASELINE="16 1810 2179 1822" 
                    HPOS="11"
                    VPOS="1779"
                    WIDTH="2164"
                    HEIGHT="100">
            <Shape><Polygon POINTS="14 1808 11 1864 48 1864 85 1864 122 1864 159 1864 196 1864 233 1864 270 1864 307 1864 344 1864 381 1864 418 1864 455 1864 493 1864 530 1864 567 1864 604 1864 641 1864 678 1864 715 1864 752 1864 789 1864 826 1864 863 1864 900 1864 937 1864 974 1864 1011 1868 1049 1868 1086 1868 1123 1868 1160 1868 1197 1871 1234 1871 1271 1871 1308 1871 1345 1871 1382 1871 1415 1871 1445 1875 1456 1875 1493 1875 1530 1875 1567 1875 1571 1875 2164 1879 2175 1819 2172 1790 14 1779 14 1808"/></Shape>
	    <String CONTENT="פיקארון סיגון סי אב&#39;יזארה מאס אדילאנטרי בעה&quot;י. אי פור איסטו לוס אקוג&#39;ו משה"
                    HPOS="11"
                    VPOS="1779"
                    WIDTH="2164"
                    HEIGHT="100"></String>
          </TextLine>

          
          
          <TextLine ID="eSc_line_dfa36597"
                    
                    BASELINE="22 1877 804 1870 2175 1896" 
                    HPOS="14"
                    VPOS="1838"
                    WIDTH="2158"
                    HEIGHT="108">
            <Shape><Polygon POINTS="18 1875 14 1920 1682 1946 1719 1946 1757 1946 1794 1946 1831 1946 1868 1946 1905 1946 1942 1946 1979 1946 2016 1946 2053 1946 2090 1946 2127 1946 2161 1946 2172 1894 2168 1860 18 1838 18 1875"/></Shape>
	    <String CONTENT="רבינו אה טודוס. אי איסטאנדו אין ערבות מואב קי איס אין פארטי די איל ירדן די לאס טייראס קי"
                    HPOS="14"
                    VPOS="1838"
                    WIDTH="2158"
                    HEIGHT="108"></String>
          </TextLine>

          
          
          <TextLine ID="eSc_line_162be6c5"
                    
                    BASELINE="22 1944 2194 1955" 
                    HPOS="14"
                    VPOS="1905"
                    WIDTH="2176"
                    HEIGHT="107">
            <Shape><Polygon POINTS="18 1942 14 1997 51 1997 88 1997 126 1997 163 1997 200 1997 237 1997 274 1997 311 1997 348 1997 385 1997 422 1997 459 1997 496 1997 533 1997 570 2001 607 2001 644 2001 682 2001 719 2001 756 2001 793 2001 830 2001 867 2001 904 2001 941 2001 978 2001 1015 2001 1052 2001 1089 2001 1126 2005 1163 2005 1200 2005 1238 2005 1275 2005 1312 2005 1349 2005 1386 2005 1423 2005 1460 2005 1497 2005 1534 2005 1571 2005 1608 2005 1645 2009 1682 2009 1719 2009 1757 2009 1794 2009 1831 2009 1868 2009 1905 2009 1942 2009 1979 2009 2016 2009 2053 2009 2090 2009 2127 2009 2164 2009 2164 2009 2179 2012 2190 1953 2190 1920 18 1905 18 1942"/></Shape>
	    <String CONTENT="טומו סיחון די פודיר די מואנ אינפיסו אה קאסטיגארלוס קון מונג&#39;ו כבוד פארה נו אב&#39;ירגואינסארלוס קון"
                    HPOS="14"
                    VPOS="1905"
                    WIDTH="2176"
                    HEIGHT="107"></String>
          </TextLine>

          
          
          <TextLine ID="eSc_line_242def90"
                    
                    BASELINE="22 2003 2175 2018" 
                    HPOS="14"
                    VPOS="1975"
                    WIDTH="2158"
                    HEIGHT="104">
            <Shape><Polygon POINTS="18 2001 14 2053 2161 2079 2172 2016 2168 1990 18 1975 18 2001"/></Shape>
	    <String CONTENT="אינמינטארליס סולו לוס לוגאריס קי לו איזיירון אראב&#39;ייאר אה איל שי&quot;ת קון דיזירליס אקודראב&#39;וס לו קי"
                    HPOS="14"
                    VPOS="1975"
                    WIDTH="2158"
                    HEIGHT="104"></String>
          </TextLine>

          
          
          <TextLine ID="eSc_line_fadc4552"
                    
                    BASELINE="18 2078 2199 2096" 
                    HPOS="11"
                    VPOS="2042"
                    WIDTH="2187"
                    HEIGHT="107">
            <Shape><Polygon POINTS="14 2075 11 2123 1252 2138 1271 2138 1308 2138 1315 2138 2186 2149 2198 2094 2198 2060 14 2042 14 2075"/></Shape>
	    <String CONTENT="איזיסטיש&#39; אין טא ל לוגאר אי אין טאל לוגאר אי קומו אין קאדה ויז קי לו אזיאן אראב&#39;ייאר אל שי&quot;ת *אזיאה"
                    HPOS="11"
                    VPOS="2042"
                    WIDTH="2187"
                    HEIGHT="107"></String>
          </TextLine>

          
          
          <TextLine ID="eSc_line_6ecc380f"
                    
                    BASELINE="22 2148 1115 2144 2207 2156" 
                    HPOS="14"
                    VPOS="2112"
                    WIDTH="2191"
                    HEIGHT="100">
            <Shape><Polygon POINTS="18 2146 14 2201 51 2201 88 2201 126 2201 163 2201 200 2201 237 2201 274 2201 311 2201 348 2201 385 2201 422 2201 459 2201 496 2201 533 2201 570 2201 607 2201 644 2201 682 2201 719 2201 756 2205 793 2205 830 2205 867 2205 904 2205 941 2205 978 2205 1015 2205 1052 2205 1089 2205 1126 2205 1163 2205 1200 2205 1238 2205 1275 2205 1312 2205 1349 2205 1386 2205 1423 2205 1460 2209 1497 2209 1534 2209 1571 2209 1608 2209 1645 2209 1682 2209 1719 2209 1757 2209 1794 2209 1831 2209 1868 2209 1905 2209 1942 2209 1979 2209 2016 2209 2053 2209 2090 2209 2127 2209 2127 2209 2194 2212 2205 2153 2201 2112 18 2112 18 2146"/></Shape>
	    <String CONTENT="תפלה פור אילייוס אי איל שי&quot;ת ליס פידרונאב&#39;ה. *אי איי קין דיקלארה קי משה רבינו קואנדו קאסטיגו אה"
                    HPOS="14"
                    VPOS="2112"
                    WIDTH="2191"
                    HEIGHT="100"></String>
          </TextLine>

          
          
          <TextLine ID="eSc_line_48574cd9"
                    
                    BASELINE="18 2207 2190 2222" 
                    HPOS="11"
                    VPOS="2179"
                    WIDTH="2175"
                    HEIGHT="96">
            <Shape><Polygon POINTS="14 2205 11 2268 2175 2275 2186 2220 2186 2186 14 2179 14 2205"/></Shape>
	    <String CONTENT="ישראל פ&#39;ואי קון מו נג&#39;ה פ&#39;ורטאליזה אי קון מונג&#39;ה ראב&#39;ייא קי סיינדו איל שי&quot;ת לי דיש&#39;ו קי לוס קאסטיגארה נו"
                    HPOS="11"
                    VPOS="2179"
                    WIDTH="2175"
                    HEIGHT="96"></String>
          </TextLine>

          
          
          <TextLine ID="eSc_line_fa6a69ff"
                    
                    BASELINE="31 2277 2179 2296" 
                    HPOS="25"
                    VPOS="2238"
                    WIDTH="2150"
                    HEIGHT="112">
            <Shape><Polygon POINTS="29 2275 25 2335 63 2335 100 2335 137 2335 174 2335 211 2335 248 2335 285 2335 322 2335 359 2335 396 2335 433 2335 463 2335 556 2338 581 2338 619 2338 656 2338 693 2338 730 2338 767 2338 804 2338 841 2338 878 2338 900 2338 1093 2342 1100 2342 1137 2342 1175 2342 1212 2342 1249 2342 1286 2342 1297 2342 1627 2346 1656 2346 1693 2346 1731 2346 1738 2346 2164 2350 2175 2294 2172 2264 29 2238 29 2275"/></Shape>
	    <String CONTENT="טוב&#39;ו מיידו די נינגו ן מודו די קוזה אי ליס פ&#39;ואי אקלאראנדו לוס פיקאדוס קי איזיירון פרט פור פרט אי ליס"
                    HPOS="25"
                    VPOS="2238"
                    WIDTH="2150"
                    HEIGHT="112"></String>
          </TextLine>

          
          
          <TextLine ID="eSc_line_dfd5b14a"
                    
                    BASELINE="29 2340 2183 2359" 
                    HPOS="22.0"
                    VPOS="2312.0"
                    WIDTH="2157.0"
                    HEIGHT="108.0">
            <Shape><Polygon POINTS="25 2338 22 2401 1808 2420 1838 2420 1875 2420 1912 2420 1949 2420 1986 2420 2023 2420 2060 2420 2098 2420 2135 2420 2168 2420 2179 2357 2175 2331 25 2312 25 2338"/></Shape>
	    <String CONTENT="פ&#39;ואי אקלאראנדו ק אדה פיקאדו אין קי לוגאר לו איזיירון. אי פור אב&#39;יזו די איסטו דיזי איל פסוק אלה"
                    HPOS="22.0"
                    VPOS="2312.0"
                    WIDTH="2157.0"
                    HEIGHT="108.0"></String>
          </TextLine>

          
          
          <TextLine ID="eSc_line_f93e9d6c"
                    
                    BASELINE="33 2418 2186 2429" 
                    HPOS="25.0"
                    VPOS="2383.0"
                    WIDTH="2158.0"
                    HEIGHT="96.0">
            <Shape><Polygon POINTS="29 2416 25 2476 2172 2479 2183 2427 2183 2398 29 2383 29 2416"/></Shape>
	    <String CONTENT="הדברים אשר דבר מ שה קי סאב&#39;ריש&#39; קי טודו לוגאר קי דיזי איסטי ביירב&#39;ו די דבור קירי דיזיר קי אב&#39;לו קון"
                    HPOS="25.0"
                    VPOS="2383.0"
                    WIDTH="2158.0"
                    HEIGHT="96.0"></String>
          </TextLine>

          
          
          <TextLine ID="eSc_line_1a31b0a6"
                    
                    BASELINE="35 2485 1156 2485 2178 2504" 
                    HPOS="29"
                    VPOS="2450"
                    WIDTH="2146"
                    HEIGHT="107">
            <Shape><Polygon POINTS="33 2483 29 2539 2164 2557 2175 2502 2172 2457 33 2450 33 2483"/></Shape>
	    <String CONTENT="מונג&#39;ה פ&#39;ורטאליזה אי מונג&#39;ה ראב&#39;ייא סיגון דיזי איל פסוק אין לה פרשה די כי תשא וידבר ה&#39; אל משה לך רד קי"
                    HPOS="29"
                    VPOS="2450"
                    WIDTH="2146"
                    HEIGHT="107"></String>
          </TextLine>

          
          
          <TextLine ID="eSc_line_0b41e735"
                    
                    BASELINE="48 2552 2179 2571" 
                    HPOS="40.0"
                    VPOS="2516.0"
                    WIDTH="2135.0"
                    HEIGHT="112.0">
            <Shape><Polygon POINTS="44 2550 40 2598 2164 2628 2175 2568 2172 2535 44 2516 44 2550"/></Shape>
	    <String CONTENT="אליי אב&#39;לו איל ש י&quot;ת אה משה קון מונג&#39;ה ראב&#39;ייא אי מונג&#39;ה פ&#39;ורטאליזה סיגון סי אב&#39;יזו אין לה פרשה די כי"
                    HPOS="40.0"
                    VPOS="2516.0"
                    WIDTH="2135.0"
                    HEIGHT="112.0"></String>
          </TextLine>

          
          
          <TextLine ID="eSc_line_044a7eaf"
                    
                    BASELINE="40 2611 2183 2637" 
                    HPOS="33.0"
                    VPOS="2579.0"
                    WIDTH="2146.0"
                    HEIGHT="108.0">
            <Shape><Polygon POINTS="37 2609 33 2668 2168 2687 2179 2635 2179 2598 37 2579 37 2609"/></Shape>
	    <String CONTENT="תשא. סי נו קי קו אנדו וינו משה רבינו אה איסקריב&#39;ירלו אין לה ליי אליי פ&#39;ואי קי סירו סוס פאלאב&#39;ראס אי"
                    HPOS="33.0"
                    VPOS="2579.0"
                    WIDTH="2146.0"
                    HEIGHT="108.0"></String>
          </TextLine>

          
          
          <TextLine ID="eSc_line_d395e5f7"
                    
                    BASELINE="33 2685 2179 2700" 
                    HPOS="25.0"
                    VPOS="2650.0"
                    WIDTH="2150.0"
                    HEIGHT="107.0">
            <Shape><Polygon POINTS="29 2683 25 2742 63 2742 100 2742 137 2742 174 2742 211 2742 248 2742 285 2742 322 2742 359 2742 396 2742 433 2746 470 2746 507 2746 544 2746 581 2746 619 2746 656 2746 693 2746 730 2746 767 2746 804 2750 841 2750 878 2750 915 2750 952 2750 989 2750 1026 2750 1063 2750 1100 2750 1137 2750 1175 2750 1212 2754 1249 2754 1286 2754 1323 2754 1360 2754 1397 2754 1434 2754 1471 2754 1508 2754 1545 2754 1579 2754 1627 2757 1656 2757 1693 2757 1731 2757 1768 2757 1805 2757 1842 2757 1879 2757 1916 2757 1953 2757 1990 2757 2027 2757 2064 2754 2101 2754 2138 2754 2164 2754 2175 2698 2175 2657 29 2650 29 2683"/></Shape>
	    <String CONTENT="לו אינמינטו ברמז קון אינמינטארליס סולו לוס לוגאריס קי לו איזיירון אראב&#39;ייאר אה איל שי&quot;ת קון דיזירליס"
                    HPOS="25.0"
                    VPOS="2650.0"
                    WIDTH="2150.0"
                    HEIGHT="107.0"></String>
          </TextLine>

          
          
          <TextLine ID="eSc_line_c680e7b6"
                    
                    BASELINE="29 2748 1957 2767 2182 2759" 
                    HPOS="22.0"
                    VPOS="2720.0"
                    WIDTH="2157.0"
                    HEIGHT="100.0">
            <Shape><Polygon POINTS="25 2746 22 2805 2172 2820 2179 2757 2175 2739 25 2720 25 2746"/></Shape>
	    <String CONTENT="אקודראב&#39;וס לו קי איזיסטיש&#39; אין טאל לוגאר אי אין טאל לוגאר *פור כבוד די ישראל אה נו איסקריב&#39;ירליס"
                    HPOS="22.0"
                    VPOS="2720.0"
                    WIDTH="2157.0"
                    HEIGHT="100.0"></String>
          </TextLine>

          
          
          <TextLine ID="eSc_line_258f086a"
                    
                    BASELINE="37 2815 2186 2833" 
                    HPOS="29.0"
                    VPOS="2783.0"
                    WIDTH="2154.0"
                    HEIGHT="111.0">
            <Shape><Polygon POINTS="33 2813 29 2876 2172 2894 2183 2831 2183 2805 33 2783 33 2813"/></Shape>
	    <String CONTENT="אין לה ליי סוס פ&#39;יא לדאדיס קי איזיירון קלארו פורקי איל שי&quot;ת נו איסטה קונטינטי קי סי איסקריב&#39;אן אין לה"
                    HPOS="29.0"
                    VPOS="2783.0"
                    WIDTH="2154.0"
                    HEIGHT="111.0"></String>
          </TextLine>

          
          
          <TextLine ID="eSc_line_46c01a95"
                    
                    BASELINE="40 2889 2183 2904" 
                    HPOS="33.0"
                    VPOS="2854.0"
                    WIDTH="2146.0"
                    HEIGHT="111.0">
            <Shape><Polygon POINTS="37 2887 33 2939 637 2946 663 2946 700 2946 737 2946 748 2946 945 2950 960 2950 997 2950 1034 2950 1071 2950 1108 2950 1145 2950 1182 2950 1219 2950 1256 2950 1293 2950 1330 2950 1367 2950 1404 2954 1441 2954 1479 2954 1516 2954 1553 2954 1590 2954 1627 2954 1664 2954 1701 2954 1738 2954 1775 2954 1812 2954 1849 2954 1886 2954 1923 2954 1960 2954 1964 2961 2168 2965 2179 2902 2175 2868 37 2854 37 2887"/></Shape>
	    <String CONTENT="ליי קלארו לאס פ&#39;י אלדאדיס קי איזיירון ישראל אי אפילו פ&#39;יאלדאד די און אומברי סולו נו איסטה קונטינטי"
                    HPOS="33.0"
                    VPOS="2854.0"
                    WIDTH="2146.0"
                    HEIGHT="111.0"></String>
          </TextLine>

          
          
          <TextLine ID="eSc_line_78450476"
                    
                    BASELINE="162 2952 1986 2970" 
                    HPOS="155"
                    VPOS="2920"
                    WIDTH="1828"
                    HEIGHT="108">
            <Shape><Polygon POINTS="159 2950 155 3006 1972 3028 1983 2969 1979 2939 159 2920 159 2950"/></Shape>
	    <String CONTENT="איל שי&quot;ת אקלארארלו אין לה ליי קלארו סי נו לו אינמינטה אין קורטו אי סיראדה לה אב&#39;לה."
                    HPOS="155"
                    VPOS="2920"
                    WIDTH="1828"
                    HEIGHT="108"></String>
          </TextLine>

          
          
          <TextLine ID="eSc_line_81462deb"
                    
                    BASELINE="37 3015 2192 3040" 
                    HPOS="29"
                    VPOS="2976"
                    WIDTH="2161"
                    HEIGHT="122">
            <Shape><Polygon POINTS="33 3013 29 3065 2179 3098 2190 3039 2190 3002 33 2976 33 3013"/></Shape>
	    <String CONTENT="אי אנסי טו פאמוס אין רבי שמעון בן יוחאי קואנדו קאלייו חאזינו קי אינטרארון רבי פנחס בן יאיר שו"
                    HPOS="29"
                    VPOS="2976"
                    WIDTH="2161"
                    HEIGHT="122"></String>
          </TextLine>

          
          
          <TextLine ID="eSc_line_9a826224"
                    
                    BASELINE="37 3093 1983 3108" 
                    HPOS="29.0"
                    VPOS="3058.0"
                    WIDTH="1950.0"
                    HEIGHT="100.0">
            <Shape><Polygon POINTS="33 3091 29 3150 63 3150 66 3146 103 3146 140 3146 177 3146 214 3146 252 3146 289 3146 326 3146 363 3146 400 3150 437 3150 474 3150 511 3150 548 3150 585 3150 622 3150 659 3150 696 3150 733 3150 759 3150 993 3154 1030 3154 1067 3154 1104 3154 1108 3154 1968 3158 1979 3106 1975 3072 33 3058 33 3091"/></Shape>
	    <String CONTENT="איסגוא יגרו אי רבי חייא אי רבי אבהו אה ויג&#39;יטארלו אי פריאונטאר פור איל אי אינסופיטו אין"
                    HPOS="29.0"
                    VPOS="3058.0"
                    WIDTH="1950.0"
                    HEIGHT="100.0"></String>
          </TextLine>

          
          
          <TextLine ID="eSc_line_117f71a5"
                    
                    BASELINE="44 3152 2186 3174" 
                    HPOS="37.0"
                    VPOS="3124.0"
                    WIDTH="2146.0"
                    HEIGHT="108.0">
            <Shape><Polygon POINTS="40 3150 37 3206 2172 3232 2183 3172 2183 3135 40 3124 40 3150"/></Shape>
	    <String CONTENT="לו קי איסטאב&#39;אן אליי סי דיספאריסייו רבי שמעון בן יוחאי די לה קאמה אי נו לו ויירון אליי מונג&#39;ה אורה אי"
                    HPOS="37.0"
                    VPOS="3124.0"
                    WIDTH="2146.0"
                    HEIGHT="108.0"></String>
          </TextLine>

          
          
          <TextLine ID="eSc_line_5186140f"
                    
                    BASELINE="44 3226 2190 3245" 
                    HPOS="37.0"
                    VPOS="3191.0"
                    WIDTH="2149.0"
                    HEIGHT="104.0">
            <Shape><Polygon POINTS="40 3224 37 3276 2175 3295 2186 3243 2183 3209 40 3191 40 3224"/></Shape>
	    <String CONTENT="סי איסטרימיסיירון טודוס לוס חכמים קי איסטאב&#39;אן אסינטאדוס אליי די ויר איסטה מאראב&#39;ילייא אי נו"
                    HPOS="37.0"
                    VPOS="3191.0"
                    WIDTH="2149.0"
                    HEIGHT="104.0"></String>
          </TextLine>

          
          
          <TextLine ID="eSc_line_6356e13a"
                    
                    BASELINE="44 3289 2190 3312" 
                    HPOS="37.0"
                    VPOS="3261.0"
                    WIDTH="2149.0"
                    HEIGHT="104.0">
            <Shape><Polygon POINTS="40 3287 37 3350 2175 3365 2186 3310 2183 3272 40 3261 40 3287"/></Shape>
	    <String CONTENT="פודיאן נינגונו א ב&#39;לאר די לה טימור אי איל מיידו קי ליש קאלייו אי קידארון קומו אונוס דיזמאייאדוס. אי"
                    HPOS="37.0"
                    VPOS="3261.0"
                    WIDTH="2149.0"
                    HEIGHT="104.0"></String>
          </TextLine>

          
          
          <TextLine ID="eSc_line_ea5db1bb"
                    
                    BASELINE="40 3360 2190 3378" 
                    HPOS="33.0"
                    VPOS="3332.0"
                    WIDTH="2153.0"
                    HEIGHT="107.0">
            <Shape><Polygon POINTS="37 3358 33 3413 2175 3439 2186 3376 2183 3350 37 3332 37 3358"/></Shape>
	    <String CONTENT="פאסאנדו אונה בואינה אורה אינפיסארון אה גוליר אונאס בואינאס גולורים די לוס גואיזמוס בואינוס די גן"
                    HPOS="33.0"
                    VPOS="3332.0"
                    WIDTH="2153.0"
                    HEIGHT="107.0"></String>
          </TextLine>

          
          
          <TextLine ID="eSc_line_f930039e"
                    
                    BASELINE="40 3430 2194 3449" 
                    HPOS="33.0"
                    VPOS="3387.0"
                    WIDTH="2157.0"
                    HEIGHT="112.0">
            <Shape><Polygon POINTS="37 3428 33 3487 2179 3499 2190 3447 2190 3417 37 3387 37 3428"/></Shape>
	    <String CONTENT="עדן אי לו וייר ון אוטרה ויז אה איל סינייור די רבי שמעון בן יוחאי אין לה קאמה אי ליס פ&#39;ואי פאסאנדו אקיל"
                    HPOS="33.0"
                    VPOS="3387.0"
                    WIDTH="2157.0"
                    HEIGHT="112.0"></String>
          </TextLine>

          
          
          <TextLine ID="eSc_line_d4dd95fc"
                    
                    BASELINE="40 3497 2190 3515" 
                    HPOS="33.0"
                    VPOS="3462.0"
                    WIDTH="2153.0"
                    HEIGHT="107.0">
            <Shape><Polygon POINTS="37 3495 33 3550 2175 3569 2186 3513 2183 3476 37 3462 37 3495"/></Shape>
	    <String CONTENT="טימור אי אקי ל מיידו קון גוליר די אקיאוס גואיזמוס בואינוס די גן עדן אי סי ריטורנארון. אי דיספואיס די"
                    HPOS="33.0"
                    VPOS="3462.0"
                    WIDTH="2153.0"
                    HEIGHT="107.0"></String>
          </TextLine>

          
          
          <TextLine ID="eSc_line_f74e0652"
                    
                    BASELINE="44 3564 2194 3582" 
                    HPOS="37.0"
                    VPOS="3532.0"
                    WIDTH="2153.0"
                    HEIGHT="104.0">
            <Shape><Polygon POINTS="40 3562 37 3621 74 3621 111 3621 148 3621 185 3621 222 3621 259 3621 296 3621 333 3621 370 3621 407 3625 444 3625 481 3625 518 3625 556 3625 593 3625 630 3625 667 3625 704 3625 741 3625 778 3628 815 3628 852 3628 889 3628 926 3628 963 3628 1000 3628 1037 3628 1074 3628 1112 3628 1130 3628 2179 3636 2190 3580 2186 3550 40 3532 40 3562"/></Shape>
	    <String CONTENT="אונה בואינה אורה לו ויירון אה רבי שמעון בן יוחאי קי איסטאב&#39;ה אסינטאדו אין לה קאמה אב&#39;לאנדו קון ג&#39;ינטי"
                    HPOS="37.0"
                    VPOS="3532.0"
                    WIDTH="2153.0"
                    HEIGHT="104.0"></String>
          </TextLine>

          
          
          <TextLine ID="eSc_line_fc598224"
                    
                    BASELINE="44 3627 2198 3649" 
                    HPOS="37.0"
                    VPOS="3595.0"
                    WIDTH="2157.0"
                    HEIGHT="111.0">
            <Shape><Polygon POINTS="40 3625 37 3691 74 3691 111 3691 148 3691 185 3691 222 3691 259 3691 296 3691 333 3691 370 3691 407 3691 444 3691 481 3695 518 3695 556 3695 593 3695 630 3695 667 3695 704 3695 741 3695 778 3695 815 3695 852 3695 889 3695 926 3699 963 3699 1000 3699 1037 3699 1074 3699 1112 3699 1149 3699 1186 3699 1223 3699 1260 3699 1297 3699 1334 3702 1371 3702 1408 3702 1445 3702 1482 3702 1519 3702 1556 3702 1593 3702 1630 3702 1668 3702 1705 3702 1742 3702 1779 3706 1816 3706 1853 3706 1890 3706 1927 3706 1964 3706 2001 3706 2038 3706 2075 3706 2112 3706 2149 3706 2183 3706 2194 3647 2190 3617 40 3595 40 3625"/></Shape>
	    <String CONTENT="אי נו ויאן ק ון קין אירה קי אב&#39;לאב&#39;ה אוטרו קי אאיל סולו לו ויאן אי דיספואיס די אונה אורה לוש ייאמו רבי"
                    HPOS="37.0"
                    VPOS="3595.0"
                    WIDTH="2157.0"
                    HEIGHT="111.0"></String>
          </TextLine>

          
          
          <TextLine ID="eSc_line_6480fe39"
                    
                    BASELINE="40 3697 2190 3716" 
                    HPOS="33.0"
                    VPOS="3673.0"
                    WIDTH="2153.0"
                    HEIGHT="100.0">
            <Shape><Polygon POINTS="37 3695 33 3751 2175 3773 2186 3714 2183 3688 37 3673 37 3695"/></Shape>
	    <String CONTENT="שמעון בן יו חאי  אי ליס דימאנדו סי ויאן קון קין אירה קי אב&#39;לאב&#39;ה אי לי ריספונדיירון לוס חכמים נו סינייור"
                    HPOS="33.0"
                    VPOS="3673.0"
                    WIDTH="2153.0"
                    HEIGHT="100.0"></String>
          </TextLine>

          
          
          <TextLine ID="eSc_line_9b788a12"
                    
                    BASELINE="37 3771 2198 3790" 
                    HPOS="29.0"
                    VPOS="3728.0"
                    WIDTH="2165.0"
                    HEIGHT="115.0">
            <Shape><Polygon POINTS="33 3769 29 3825 381 3828 400 3828 437 3828 441 3828 741 3832 771 3832 808 3832 845 3832 882 3832 897 3832 1100 3836 1104 3836 1141 3836 1178 3836 1215 3836 1252 3836 1289 3836 1327 3836 1349 3836 1460 3840 1475 3840 1512 3840 1549 3840 1586 3840 1623 3840 1660 3840 1697 3840 1734 3840 1764 3840 1820 3843 1845 3843 1883 3843 1920 3843 1957 3843 1994 3843 2031 3843 2068 3843 2105 3843 2142 3843 2179 3843 2183 3843 2194 3788 2190 3758 33 3728 33 3769"/></Shape>
	    <String CONTENT="טי ויאמוס  אב&#39;לאר אי נו ויאמוס קון קין אב&#39;לאב&#39;אס. ליס ריספונדייו רבי שמעון בן יוחאי נו טוב&#39;יסטיש&#39; זכות"
                    HPOS="29.0"
                    VPOS="3728.0"
                    WIDTH="2165.0"
                    HEIGHT="115.0"></String>
          </TextLine>

          
          
          <TextLine ID="eSc_line_e0ab274a"
                    
                    BASELINE="44 3834 2194 3853" 
                    HPOS="37.0"
                    VPOS="3803.0"
                    WIDTH="2153.0"
                    HEIGHT="107.0">
            <Shape><Polygon POINTS="40 3832 37 3895 74 3895 111 3895 148 3895 185 3895 222 3895 259 3895 296 3895 333 3895 370 3895 407 3899 444 3899 481 3899 518 3899 556 3899 593 3899 630 3899 667 3899 704 3899 741 3899 778 3903 815 3903 852 3903 889 3903 926 3903 963 3903 1000 3903 1037 3903 1074 3903 1089 3903 2179 3910 2190 3851 2186 3825 40 3803 40 3832"/></Shape>
	    <String CONTENT="די ויר אה לה שכינה סיינדו קון לה שכינה אירה קי איסטאב&#39;ה אב&#39;לאנדו . פירו ב&#39;וס דירי קי אין איסטי טיימפו"
                    HPOS="37.0"
                    VPOS="3803.0"
                    WIDTH="2153.0"
                    HEIGHT="107.0"></String>
          </TextLine>

          
          
          <TextLine ID="eSc_line_90be2a5e"
                    
                    BASELINE="40 3901 2194 3923" 
                    HPOS="33.0"
                    VPOS="3873.0"
                    WIDTH="2157.0"
                    HEIGHT="104.0">
            <Shape><Polygon POINTS="37 3899 33 3955 1100 3969 1108 3969 1108 3969 1371 3973 1404 3973 1441 3973 1479 3973 1516 3973 1553 3973 1590 3973 1627 3973 1664 3977 1701 3977 1738 3977 1775 3977 1812 3977 1849 3977 1886 3977 1923 3977 1960 3977 1997 3977 2035 3977 2072 3977 2109 3977 2146 3977 2179 3977 2190 3921 2186 3884 37 3873 37 3899"/></Shape>
	    <String CONTENT="קי נו מי וי סטיש&#39; אין לה קאמה מי ייב&#39;ארון אה גן עדן אי וידי אין גן עדן אה רבי פנחס בן יאיר מי איסגואיגרו"
                    HPOS="33.0"
                    VPOS="3873.0"
                    WIDTH="2157.0"
                    HEIGHT="104.0"></String>
          </TextLine>

          
          
          <TextLine ID="eSc_line_ef16b67d"
                    
                    BASELINE="44 3971 2194 3986" 
                    HPOS="37.0"
                    VPOS="3936.0"
                    WIDTH="2153.0"
                    HEIGHT="111.0">
            <Shape><Polygon POINTS="40 3969 37 4032 74 4032 111 4032 148 4032 185 4032 222 4032 259 4032 296 4032 333 4032 370 4036 407 4036 444 4036 481 4036 518 4036 556 4036 593 4036 630 4036 659 4036 748 4040 778 4040 815 4040 852 4040 889 4040 926 4040 934 4040 2179 4047 2190 3984 2186 3955 40 3936 40 3969"/></Shape>
	    <String CONTENT="קי אירה ס ו לוגאר אין גן עדן מאס אבאש&#39;ו קי רבי אלעזר מי איג&#39;ו אי מי אמוסטרארון איל לוגאר די טודוס לוש"
                    HPOS="37.0"
                    VPOS="3936.0"
                    WIDTH="2153.0"
                    HEIGHT="111.0"></String>
          </TextLine>

          
          
          <TextLine ID="eSc_line_f7ef1316"
                    
                    BASELINE="44 4038 2198 4064" 
                    HPOS="37.0"
                    VPOS="4010.0"
                    WIDTH="2157.0"
                    HEIGHT="134.0">
            <Shape><Polygon POINTS="40 4036 37 4118 341 4103 444 4125 470 4129 474 4129 533 4125 711 4110 874 4110 930 4125 963 4136 967 4136 971 4140 1264 4140 1264 4136 1267 4136 1286 4129 1308 4118 1415 4129 1575 4144 1579 4144 1582 4144 1630 4129 1645 4125 1656 4129 1686 4144 1690 4144 1693 4144 1786 4129 1842 4121 2183 4129 2194 4062 2194 4029 40 4010 40 4036"/></Shape>
	    <String CONTENT="צדיקים אין גן עדן קאדה אונו אסיגון סו מדרגה אי איסקוג&#39;י ייו מי לוגאר אלאדו די איל סינייור די אחיא"
                    HPOS="37.0"
                    VPOS="4010.0"
                    WIDTH="2157.0"
                    HEIGHT="134.0"></String>
          </TextLine>

          
        </TextBlock>
        

        
      </PrintSpace>
    </Page>
  </Layout>
</alto>
